-- phpMyAdmin SQL Dump
-- version 4.6.4
-- https://www.phpmyadmin.net/
--
-- Servidor: 127.0.0.1
-- Tiempo de generación: 19-04-2018 a las 00:41:21
-- Versión del servidor: 5.7.14
-- Versión de PHP: 5.6.25

SET SQL_MODE = "NO_AUTO_VALUE_ON_ZERO";
SET time_zone = "+00:00";


/*!40101 SET @OLD_CHARACTER_SET_CLIENT=@@CHARACTER_SET_CLIENT */;
/*!40101 SET @OLD_CHARACTER_SET_RESULTS=@@CHARACTER_SET_RESULTS */;
/*!40101 SET @OLD_COLLATION_CONNECTION=@@COLLATION_CONNECTION */;
/*!40101 SET NAMES utf8mb4 */;

--
-- Base de datos: `pvingles`
--

-- --------------------------------------------------------

--
-- Estructura de tabla para la tabla `acad_curso`
--

CREATE TABLE `acad_curso` (
  `idcurso` int(1) NOT NULL,
  `nombre` varchar(250) COLLATE utf8_spanish_ci NOT NULL,
  `imagen` varchar(100) COLLATE utf8_spanish_ci NOT NULL,
  `descripcion` text COLLATE utf8_spanish_ci NOT NULL,
  `estado` int(1) NOT NULL,
  `fecharegistro` timestamp NOT NULL DEFAULT CURRENT_TIMESTAMP,
  `idusuario` int(11) NOT NULL,
  `vinculosaprendizajes` text COLLATE utf8_spanish_ci,
  `materialesyrecursos` text COLLATE utf8_spanish_ci,
  `color` varchar(15) COLLATE utf8_spanish_ci DEFAULT NULL,
  `objetivos` text COLLATE utf8_spanish_ci,
  `certificacion` text COLLATE utf8_spanish_ci,
  `costo` float NOT NULL,
  `silabo` varchar(100) COLLATE utf8_spanish_ci DEFAULT NULL,
  `e_ini` text COLLATE utf8_spanish_ci,
  `e_fin` text COLLATE utf8_spanish_ci,
  `pdf` varchar(100) COLLATE utf8_spanish_ci DEFAULT NULL,
  `abreviado` varchar(20) COLLATE utf8_spanish_ci DEFAULT NULL
) ENGINE=MyISAM DEFAULT CHARSET=utf8 COLLATE=utf8_spanish_ci;

--
-- Volcado de datos para la tabla `acad_curso`
--

INSERT INTO `acad_curso` (`idcurso`, `nombre`, `imagen`, `descripcion`, `estado`, `fecharegistro`, `idusuario`, `vinculosaprendizajes`, `materialesyrecursos`, `color`, `objetivos`, `certificacion`, `costo`, `silabo`, `e_ini`, `e_fin`, `pdf`, `abreviado`) VALUES
(1, 'A1', '/static/media/image/N1-U1-A1-20180116045437.png', '', 1, '2018-01-17 02:54:44', 43831104, NULL, NULL, NULL, '', '', 0, '0', '', '', '', ''),
(2, 'A2', '/static/media/image/N1-U1-A1-20180116045959.png', '', 1, '2018-01-17 03:00:05', 43831104, NULL, NULL, NULL, '', '', 0, '0', '', '', '', ''),
(3, 'B1', '/static/media/image/N1-U1-A1-20180116050033.png', '', 1, '2018-01-17 03:00:37', 43831104, NULL, NULL, NULL, '', '', 0, '0', '', '', '', ''),
(4, 'B2', '/static/media/image/N1-U1-A1-20180116050104.png', '', 1, '2018-01-17 03:01:08', 43831104, NULL, NULL, NULL, '', '', 0, '0', '', '', '', ''),
(5, 'C1', '/static/media/image/N1-U1-A1-20180116075045.png', '', 1, '2018-01-17 05:50:56', 43831104, NULL, NULL, NULL, '', '', 0, '0', '', '', '', ''),
(7, 'WINDOWS VISTA', '', 'Windows Vista es una versión de Microsoft Windows, línea de sistemas operativos desarrollada por Microsoft. Esta versión se enfoca para ser utilizada en equipos de escritorio en hogares y oficinas, equipos portátiles, tabletas y equipos media center.', 1, '2018-04-19 05:00:00', 1, '', '', '', '1. Aprender a utilizar adecuadamente la computadora.\n2. Aprender a utilizar y administrar el sistema operativo Windows.', '', 60, '', '', '', '', 'W. VISTA'),
(6, 'INFORMATICA BASICA', '', 'Este curso de Informática Básica consta del aprendizaje del tratamiento automatizado de la información, y de los componentes físicos de un ordenador personal (hardware del PC) y en las ideas fundamentales de la Tecnología de la Información (TI), como son el almacenamiento de datos y memorias, el procesamiento y la ejecución de los programas y aplicaciones de software para computador, además se tratan los sistemas operativos, y la utilidad y las formas de utilizar las redes de datos en informática e Internet.', 1, '2018-04-19 05:00:00', 1, '', '', '', '1. Reconocer los componentes Hardware de un Computador\n2. Reconocer los componentes Software de un Computador', '', 20, '', '', '', '', 'INF. BÁSICA'),
(8, 'MICROSOFT WORD 2007', '', 'Microsoft Word, es un programa editor de texto ofimático muy popular, que permite crear documentos sencillos o profesionales. Microsoft Word es incluido en el paquete Microsoft Office de Microsoft. De todas maneras, también es vendido por separado. Microsoft Word posee herramientas de ortografía, sinónimos, gráficos, modelado de texto, etc. Además tiene una muy buena integración con el resto de las aplicaciones del paquete Microsoft Office.', 1, '2018-04-19 05:00:00', 1, '', '', '', '1. Aprender a utilizar el programa procesador de texto más popular del mundo.\n2. Realizar cualquier tipo de documentos y dar los formatos adecuados para una buena presentación de estos.', '', 80, '', '', '', '', 'M. WORD 07'),
(10, 'MICROSOFT EXCEL 2007', '', 'Microsoft Office Excel 2007 es una potente herramienta que puedes usar para crear y aplicar formato a hojas de cálculo, y para analizar y compartir información para tomar decisiones mejor fundadas. La nueva interfaz orientada a obtener resultados, la visualización de datos enriquecida y las vistas de tabla dinámica permiten crear, de un modo más sencillo, gráficos de aspecto profesional y fácil uso. Office Excel 2007, en combinación con Excel Services (una nueva tecnología incluida en Microsoft Office SharePoint Server 2007), ofrece mejoras significativas para compartir datos con más seguridad.', 1, '2018-04-19 05:00:00', 1, '', '', '', '1. Conocer los conceptos básicos de una hoj de cáculo.\n2. El area de trabajo.\n3. Operaciones Basicas en las celdas.\n4. EL uso de las Operadores comunes.', '', 70, '', '', '', '', 'M. EXCEL 07'),
(9, 'MICROSOFT POWER POINT 2007', '', 'Es un programa diseñado para hacer presentaciones con texto esquematizado, así como presentaciones en diapositivas, animaciones de texto e imágenes prediseñadas o importadas desde imágenes de la computadora. Se le pueden aplicar distintos diseños de fuente, plantilla y animación. Este tipo de presentaciones suelen ser más prácticas que las de Microsoft Word.', 1, '2018-04-19 05:00:00', 1, '', '', '', '1. Conocer en entorno de Trabajo.\n2. Utilizar los modos de visulización y creacion de presentaciones.', '', 50, '', '', '', '', 'M. PPT 07'),
(14, 'MICROSOFT WORD 2007 AVANZADO', '', 'Word es una herramienta muy útil en la elaboración de todo tipo documentos, cuenta con herramientas muy útiles que nos permiten poder personalizar nuestros documentos, podemos además hacer revisiones ortográficas y corregirlas, una herramienta muy útil es la creación de macros la cual nos permite reutilizar tareas que ya hayamos hecho anteriormente haciendo que esta se realice automáticamente.', 1, '2018-04-19 05:00:00', 1, '', '', '', '1. Manejar a la perfección Word 2007', '', 50, '', '', '', '', 'M. WORD 07 AVA'),
(11, 'INTERNET EXPLORER Y MICROSOFT OUTLOOK 2007', '', 'Office Outlook 2007 ofrece una solución integrada para administrar el tiempo y la información, conectarse sin barreras y mantener el control de toda la información que se recibe. Office Outlook 2007 presenta innovaciones que permiten realizar búsquedas rápidamente en las comunicaciones, organizar el trabajo y compartir mejor la información con otros usuarios, todo ello desde un mismo lugar.', 1, '2018-04-19 05:00:00', 1, '', '', '', '1. Accesar a una sesión de trabajo con Internet Explorer.\n2. Navegar por las principales paginas de la Web.', '', 30, '', '', '', '', 'IE Y M. OUT 07'),
(12, 'MACROMEDIA FLASH 8', '', 'Macromedia Flash es una plataforma multimedia que se utiliza para crear aplicaciones interactivas, animaciones independientes y en la web. Utilizado de diferentes formas y en una serie de dispositivos, incluyendo teléfonos móviles el lenguaje de scripts ActionScript, puedes manipular el contenido Flash.', 1, '2018-04-19 05:00:00', 1, '', '', '', '1. En esta sesión aprenderá a configurar el espacio de trabajo de Flash 8, reconocer los elementos de la pantalla principal y herramientas que usará durante todo el desarrollo del curso.', '', 165, '', '', '', '', 'MAC. FLASH 8'),
(13, 'MICROSOFT EXCEL 2007 AVANZADO', '', 'Microsoft Office Excel 2007 es una herramienta eficaz que puede usar para crear y aplicar formato a hojas de cálculo, y para analizar y compartir información para tomar decisiones más fundamentadas. Con la interfaz de usuario de Microsoft Office Fluent, la visualización de datos enriquecidos y las vistas de tabla dinámica, los gráficos de aspectos profesionales son más sencillos de crear y usar.', 1, '2018-04-19 05:00:00', 1, '', '', '', '1. Desarrollar aplicaciones que utilicen múltiples hojas de cálculo', '', 60, '', '', '', '', 'M. EXCEL 07 AVA'),
(16, 'MICROSOFT PUBLISHER 2007', '', 'Microsoft Publisher es una aplicación muy fácil de usar que te ayudará a crear boletines, folletos, páginas Web y prospectos atractivos y con calidad profesional aunque no hayas realizado tareas de autoedición anteriormente. Solo debes conocerlas herramientas con las que cuentas y utilizar tu imaginación y creatividad.', 1, '2018-04-19 05:00:00', 1, '', '', '', '. Lograr un acceso a Publisher y establecer un reconocimiento basico de los elementos del entorno.', '', 80, '', '', '', '', 'M. PUBLI 07'),
(15, 'MICROSOFT PROJECT 2007', '', 'Microsoft Project es Sistema que permite la administración de proyectos con la dosis adecuada de funcionalidad, potencial y flexibilidad, con el fin de administrar los proyectos con mayor eficacia y eficiencia.', 1, '2018-04-19 05:00:00', 1, '', '', '', 'Indentificar los elementos del entorno de trabajo.\nEstablecer configuraciones básicas para la creación de proyectos.\nIniciar un sesión de trabajo.', '', 70, '', '', '', '', 'M. PROJECT 07'),
(19, 'MICROSOFT ONENOTE 2007', '', 'Microsoft Office OneNote, o simplemente OneNote, es un producto de software desarrollado por Microsoft para facilitar la toma de notas, la recopilación de información, y la colaboración multiusuario. OneNote permite colocar notas en páginas de dos dimensiones y ofrece la posibilidad de agregar dibujos, diagramas, fotografías, elementos multimedia, audio, vídeo, e imágenes escaneadas.', 1, '2018-04-19 05:00:00', 1, '', '', '', 'LOGRAR EL ACCESO A ONENOTE 2007 Y ESTABLECER UN RECONOCIMIENTO BÁSICO DE SU ENTORNO, ASI COMO COMPRENDER LA ESTRUCTURA FUNCIONAL DE LA APLICACIÓN.', '', 50, '', '', '', '', 'M. ONENOTE 07'),
(18, 'MICROSOFT INFOPATH 2007', '', 'Microsoft Office InfoPath es una aplicación de software para el diseño, la distribución, el llenado y envío de formularios electrónicos que contienen datos estructurados. De acuerdo con uno de sus inventores, una decisión clave diseño arquitectónico era "a que se adhieran al paradigma XML de separar los datos de un documento desde el formato." Por lo tanto el producto cuenta con un área de diseño de la forma WYSIWYG en el que los diversos controles están enlazados a campos de datos representados por separado, como una vista de árbol jerárquico de carpetas y campos de datos.', 1, '2018-04-19 05:00:00', 1, '', '', '', 'COMPRENDER LA NATURALEZA DE LA APLICACIÓN DE INFOPATH 2007 Y ESTABLECER UN RECONOCIMIENTO DE SU ENTORNO IDENTIFICANDO SUS COMPONENTES BÁSICOS.', '', 60, '', '', '', '', 'M. INFOPATH 07'),
(17, 'MICROSOFT VISIO 2007', '', 'Microsoft Visio es un software de dibujo vectorial para Microsoft Windows. Visio comenzó a formar parte de los productos de Microsoft cuando fue adquirida la compañía Visio en el año 2000.Las herramientas que lo componen permiten realizar diagramas de oficinas, diagramas de bases de datos, diagramas de flujo de programas, UML, y más, que permiten iniciar al usuario en los lenguajes de programación.', 1, '2018-04-19 05:00:00', 1, '', '', '', 'LOGRAR UN ACCESO A VISIO 2007 Y ESTABLECER UN RECONOCIMIENTO Y MANEJO  BÁSICO DE LOS ELEMENTOS DE SU ENTORNO', '', 60, '', '', '', '', 'M. VISIO 07'),
(20, 'OPEN OFFICE CALC', '', 'CERTIFICION EN OPEN OFFICE CALC', 1, '2018-04-19 05:00:00', 1, '', '', '', 'OPEN OFFICE CALC', '', 50, '', '', '', '', 'O. OFF CALC'),
(21, 'Windows Seven', '', 'Windows 7 es una versión de Microsoft Windows, línea de sistemas operativos producida por Microsoft Corporation. Esta versión está diseñada para uso en PC, incluyendo equipos de escritorio en hogares y oficinas, equipos, Tablet, notebooks y equipos media center.', 1, '2018-04-19 05:00:00', 1, '', '', '', '1. Conocer e Identificar los componentes basicos del escritorio\n2. Ejecutar y reconocer las aplicaciones y procesos basicos de Windows', '', 14, '', '', '', '', 'W. SEVEN '),
(22, 'Scratch', '', 'Scratch es un lenguaje de programación que facilita crear historias interactivas, juegos y animaciones y compartir sus creaciones con otras personas en la Web.\nEsta aplicación, que forma parte del software de las XO y también se utiliza con otros sistemas operativos, ofrece posibilidades educativas a través de un entorno que hace que la programación sea más atractiva y accesible para todo aquel que se enfrente por primera vez a aprender a programar.', 1, '2018-04-19 05:00:00', 1, '', '', '', '. Conocer el entorno de trabajo del programa Scratch.\n. Conocer las operaciones que se pueden realizar con sprites.\nAdministrar archivos en Scratch.', '', 29, '<br>', '', '', '', 'SCRATCH'),
(23, 'WINDOWS XP Y MICROSOFT OFFICE 2007 CONCEPTOS BASICOS', '', 'Windows es un sistema operativo desarrollado por la compañía norteamericana Microsoft. Se trata de un conjunto de programas que permiten administrar los recursos de una computadora y gestionar el hardware desde los niveles más básicos.', 1, '2018-04-19 05:00:00', 1, '', '', '', '', '', 10, '', '', '', '', ''),
(24, 'CREACIÓN DE BASES DE DATOS CON MS ACCESS 2007', '', 'Access 2007 es un programa en el que podrás crear y administrar bases de datos, pero antes de comenzar a usarlo, lo primero que debes tener claro es qué es exactamente una base de datos.', 1, '2018-04-19 05:00:00', 1, '', '', '', '', '', 15, '', '', '', '', ''),
(25, 'Microsoft Access 2013 Básico', '', 'Microsoft Access 2013 es un programa en el que podrás crear y administrar bases de datos, pero antes de comenzar a usarlo, lo primero que debes tener claro es qué es exactamente una base de datos.', 1, '2018-04-19 05:00:00', 1, '', '', '', '', '', 50, '', '', '', '', 'M. ACCESS 13 BÁS'),
(26, 'Adobe Illustrator CS6', '', '', 1, '2018-04-19 05:00:00', 1, '', '', '', '', '', 20, '', '', '', '', 'ADOB. ILLUS CS6'),
(27, 'Adobe Photoshop CS6', '', '', 1, '2018-04-19 05:00:00', 1, '', '', '', '', '', 20, '', '', '', '', 'ADOB. PHOTO CS6'),
(28, 'ADOBE PREMIERE CS6', '', '', 1, '2018-04-19 05:00:00', 1, '', '', '', '', '', 20, '', '', '', '', 'ADOB. PREMIER CS6'),
(29, 'Adobe Indesign CC', '', '', 1, '2018-04-19 05:00:00', 1, '', '', '', '', '', 20, '', '', '', '', 'ADOB. INDESIGN CC'),
(30, 'Mantenimiento y Soporte Técnico', '', '', 1, '2018-04-19 05:00:00', 1, '', '', '', '', '', 20, '', '', '', '', 'MANT. Y SOP. TÉCNICO');

-- --------------------------------------------------------

--
-- Estructura de tabla para la tabla `acad_cursodetalle`
--

CREATE TABLE `acad_cursodetalle` (
  `idcursodetalle` int(11) NOT NULL,
  `idcurso` int(11) NOT NULL,
  `orden` bigint(20) NOT NULL,
  `idrecurso` int(11) NOT NULL,
  `tiporecurso` varchar(2) COLLATE utf8_spanish_ci NOT NULL COMMENT 'Examen, nivel , rubrica,etc',
  `idlogro` int(11) NOT NULL,
  `url` varchar(100) COLLATE utf8_spanish_ci NOT NULL,
  `idpadre` smallint(6) NOT NULL,
  `color` varchar(15) COLLATE utf8_spanish_ci DEFAULT NULL,
  `esfinal` tinyint(4) DEFAULT '0'
) ENGINE=MyISAM DEFAULT CHARSET=utf8 COLLATE=utf8_spanish_ci;

--
-- Volcado de datos para la tabla `acad_cursodetalle`
--

INSERT INTO `acad_cursodetalle` (`idcursodetalle`, `idcurso`, `orden`, `idrecurso`, `tiporecurso`, `idlogro`, `url`, `idpadre`, `color`, `esfinal`) VALUES
(44, 1, 1, 51, 'L', 0, '', 13, '', 0),
(24, 1, 2, 31, 'L', 0, '', 6, '', 0),
(23, 1, 1, 30, 'L', 0, '', 6, '', 0),
(22, 1, 3, 29, 'L', 0, '', 5, '', 0),
(21, 1, 1, 27, 'L', 0, '', 5, '', 0),
(20, 1, 3, 26, 'L', 0, '', 4, '', 0),
(19, 1, 2, 25, 'L', 0, '', 4, '', 0),
(18, 1, 1, 24, 'L', 0, '', 4, '', 0),
(17, 1, 3, 23, 'L', 0, '', 3, '', 0),
(16, 1, 2, 22, 'L', 0, '', 3, '', 0),
(15, 1, 1, 21, 'L', 0, '', 3, '', 0),
(14, 1, 1, 18, 'L', 0, '', 2, '', 0),
(13, 1, 12, 17, 'U', 0, '', 1, '', 0),
(12, 1, 11, 16, 'U', 0, '', 1, '', 0),
(9, 1, 8, 13, 'U', 0, '', 1, '', 0),
(8, 1, 7, 12, 'U', 0, '', 1, '', 0),
(7, 1, 6, 11, 'U', 0, '', 1, '', 0),
(6, 1, 5, 10, 'U', 0, '', 1, '', 0),
(5, 1, 4, 9, 'U', 0, '', 1, '', 0),
(4, 1, 3, 8, 'U', 0, '', 1, '', 0),
(3, 1, 2, 7, 'U', 0, '', 1, '', 0),
(2, 1, 1, 6, 'U', 0, '', 1, '', 0),
(43, 1, 3, 50, 'L', 0, '', 12, '', 0),
(42, 1, 2, 49, 'L', 0, '', 12, '', 0),
(40, 1, 3, 47, 'L', 0, '', 11, '', 0),
(41, 1, 1, 48, 'L', 0, '', 12, '', 0),
(39, 1, 2, 46, 'L', 0, '', 11, '', 0),
(38, 1, 1, 45, 'L', 0, '', 11, '', 0),
(37, 1, 3, 44, 'L', 0, '', 10, '', 0),
(35, 1, 1, 42, 'L', 0, '', 10, '', 0),
(36, 1, 2, 43, 'L', 0, '', 10, '', 0),
(34, 1, 3, 41, 'L', 0, '', 9, '', 0),
(33, 1, 2, 40, 'L', 0, '', 9, '', 0),
(32, 1, 1, 39, 'L', 0, '', 9, '', 0),
(30, 1, 2, 37, 'L', 0, '', 8, '', 0),
(31, 1, 3, 38, 'L', 0, '', 8, '', 0),
(29, 1, 1, 36, 'L', 0, '', 8, '', 0),
(28, 1, 3, 35, 'L', 0, '', 7, '', 0),
(27, 1, 2, 34, 'L', 0, '', 7, '', 0),
(25, 1, 3, 32, 'L', 0, '', 6, '', 0),
(26, 1, 1, 33, 'L', 0, '', 7, '', 0),
(11, 1, 10, 15, 'U', 0, '', 1, '', 0),
(10, 1, 9, 14, 'U', 0, '', 1, '', 0),
(1, 1, 1, 1, 'N', 0, '', 0, '', 0),
(45, 1, 2, 52, 'L', 0, '', 13, '', 0),
(46, 1, 3, 53, 'L', 0, '', 13, '', 0),
(47, 1, 3, 55, 'L', 0, '', 2, '', 0),
(48, 1, 2, 56, 'L', 0, '', 2, '', 0),
(49, 1, 2, 58, 'L', 0, '', 5, '', 0),
(50, 1, 4, 61, 'L', 0, '', 2, '', 0),
(101, 2, 2, 2, 'N', 0, '', 0, '', 0),
(102, 2, 12, 62, 'U', 0, '', 101, '', 0),
(103, 2, 12, 63, 'U', 0, '', 101, '', 0),
(104, 2, 12, 64, 'U', 0, '', 101, '', 0),
(105, 2, 12, 65, 'U', 0, '', 101, '', 0),
(106, 2, 12, 66, 'U', 0, '', 101, '', 0),
(107, 2, 12, 67, 'U', 0, '', 101, '', 0),
(108, 2, 12, 68, 'U', 0, '', 101, '', 0),
(109, 2, 12, 69, 'U', 0, '', 101, '', 0),
(110, 2, 12, 70, 'U', 0, '', 101, '', 0),
(111, 2, 12, 71, 'U', 0, '', 101, '', 0),
(112, 2, 12, 72, 'U', 0, '', 101, '', 0),
(113, 2, 12, 73, 'U', 0, '', 101, '', 0),
(114, 2, 0, 75, 'L', 0, '', 102, '', 0),
(115, 2, 0, 76, 'L', 0, '', 102, '', 0),
(116, 2, 0, 77, 'L', 0, '', 102, '', 0),
(117, 2, 0, 78, 'L', 0, '', 103, '', 0),
(118, 2, 0, 79, 'L', 0, '', 103, '', 0),
(119, 2, 0, 80, 'L', 0, '', 103, '', 0),
(120, 2, 0, 82, 'L', 0, '', 104, '', 0),
(121, 2, 0, 83, 'L', 0, '', 104, '', 0),
(122, 2, 0, 84, 'L', 0, '', 104, '', 0),
(123, 2, 0, 85, 'L', 0, '', 105, '', 0),
(124, 2, 0, 86, 'L', 0, '', 105, '', 0),
(125, 2, 0, 87, 'L', 0, '', 105, '', 0),
(126, 2, 0, 88, 'L', 0, '', 106, '', 0),
(127, 2, 0, 89, 'L', 0, '', 106, '', 0),
(128, 2, 0, 90, 'L', 0, '', 106, '', 0),
(129, 2, 0, 91, 'L', 0, '', 107, '', 0),
(130, 2, 0, 92, 'L', 0, '', 107, '', 0),
(131, 2, 0, 93, 'L', 0, '', 107, '', 0),
(132, 2, 0, 94, 'L', 0, '', 108, '', 0),
(133, 2, 0, 95, 'L', 0, '', 108, '', 0),
(134, 2, 0, 96, 'L', 0, '', 108, '', 0),
(135, 2, 0, 97, 'L', 0, '', 109, '', 0),
(136, 2, 0, 98, 'L', 0, '', 109, '', 0),
(137, 2, 0, 99, 'L', 0, '', 109, '', 0),
(138, 2, 0, 101, 'L', 0, '', 110, '', 0),
(139, 2, 0, 102, 'L', 0, '', 110, '', 0),
(140, 2, 0, 103, 'L', 0, '', 110, '', 0),
(141, 2, 0, 104, 'L', 0, '', 111, '', 0),
(142, 2, 0, 105, 'L', 0, '', 111, '', 0),
(143, 2, 0, 106, 'L', 0, '', 111, '', 0),
(144, 2, 0, 107, 'L', 0, '', 112, '', 0),
(145, 2, 0, 108, 'L', 0, '', 112, '', 0),
(146, 2, 0, 109, 'L', 0, '', 112, '', 0),
(147, 2, 0, 111, 'L', 0, '', 113, '', 0),
(148, 2, 0, 112, 'L', 0, '', 113, '', 0),
(149, 2, 0, 113, 'L', 0, '', 113, '', 0),
(150, 3, 3, 3, 'N', 0, '', 0, '', 0),
(151, 3, 12, 114, 'U', 0, '', 150, '', 0),
(152, 3, 12, 115, 'U', 0, '', 150, '', 0),
(153, 3, 12, 116, 'U', 0, '', 150, '', 0),
(154, 3, 12, 117, 'U', 0, '', 150, '', 0),
(155, 3, 12, 118, 'U', 0, '', 150, '', 0),
(156, 3, 12, 119, 'U', 0, '', 150, '', 0),
(157, 3, 12, 120, 'U', 0, '', 150, '', 0),
(158, 3, 12, 121, 'U', 0, '', 150, '', 0),
(159, 3, 12, 122, 'U', 0, '', 150, '', 0),
(160, 3, 12, 123, 'U', 0, '', 150, '', 0),
(161, 3, 12, 124, 'U', 0, '', 150, '', 0),
(162, 3, 12, 125, 'U', 0, '', 150, '', 0),
(163, 3, 12, 126, 'U', 0, '', 150, '', 0),
(164, 3, 12, 127, 'U', 0, '', 150, '', 0),
(165, 3, 0, 128, 'L', 0, '', 151, '', 0),
(166, 3, 0, 129, 'L', 0, '', 151, '', 0),
(167, 3, 0, 130, 'L', 0, '', 151, '', 0),
(168, 3, 0, 131, 'L', 0, '', 152, '', 0),
(169, 3, 0, 132, 'L', 0, '', 152, '', 0),
(170, 3, 0, 133, 'L', 0, '', 152, '', 0),
(171, 3, 0, 134, 'L', 0, '', 153, '', 0),
(172, 3, 0, 135, 'L', 0, '', 153, '', 0),
(173, 3, 0, 136, 'L', 0, '', 153, '', 0),
(174, 3, 0, 137, 'L', 0, '', 154, '', 0),
(175, 3, 0, 138, 'L', 0, '', 154, '', 0),
(176, 3, 0, 139, 'L', 0, '', 154, '', 0),
(177, 3, 0, 140, 'L', 0, '', 155, '', 0),
(178, 3, 0, 141, 'L', 0, '', 155, '', 0),
(179, 3, 0, 142, 'L', 0, '', 155, '', 0),
(180, 3, 0, 143, 'L', 0, '', 156, '', 0),
(181, 3, 0, 144, 'L', 0, '', 156, '', 0),
(182, 3, 0, 145, 'L', 0, '', 156, '', 0),
(183, 3, 0, 146, 'L', 0, '', 157, '', 0),
(184, 3, 0, 147, 'L', 0, '', 157, '', 0),
(185, 3, 0, 149, 'L', 0, '', 157, '', 0),
(186, 3, 0, 150, 'L', 0, '', 158, '', 0),
(187, 3, 0, 151, 'L', 0, '', 158, '', 0),
(188, 3, 0, 152, 'L', 0, '', 158, '', 0),
(189, 3, 0, 154, 'L', 0, '', 159, '', 0),
(190, 3, 0, 155, 'L', 0, '', 159, '', 0),
(191, 3, 0, 156, 'L', 0, '', 159, '', 0),
(192, 3, 0, 157, 'L', 0, '', 160, '', 0),
(193, 3, 0, 158, 'L', 0, '', 160, '', 0),
(194, 3, 0, 159, 'L', 0, '', 160, '', 0),
(195, 3, 0, 160, 'L', 0, '', 161, '', 0),
(196, 3, 0, 161, 'L', 0, '', 161, '', 0),
(197, 3, 0, 162, 'L', 0, '', 161, '', 0),
(198, 3, 0, 163, 'L', 0, '', 162, '', 0),
(199, 3, 0, 164, 'L', 0, '', 162, '', 0),
(200, 3, 0, 165, 'L', 0, '', 162, '', 0),
(201, 3, 0, 166, 'L', 0, '', 163, '', 0),
(202, 3, 0, 167, 'L', 0, '', 163, '', 0),
(203, 3, 0, 168, 'L', 0, '', 163, '', 0),
(204, 3, 0, 169, 'L', 0, '', 164, '', 0),
(205, 3, 0, 170, 'L', 0, '', 164, '', 0),
(206, 3, 0, 171, 'L', 0, '', 164, '', 0),
(207, 4, 4, 4, 'N', 0, '', 0, '', 0),
(208, 4, 12, 172, 'U', 0, '', 207, '', 0),
(209, 4, 12, 173, 'U', 0, '', 207, '', 0),
(210, 4, 12, 174, 'U', 0, '', 207, '', 0),
(211, 4, 12, 175, 'U', 0, '', 207, '', 0),
(212, 4, 12, 176, 'U', 0, '', 207, '', 0),
(213, 4, 12, 177, 'U', 0, '', 207, '', 0),
(214, 4, 12, 178, 'U', 0, '', 207, '', 0),
(215, 4, 12, 179, 'U', 0, '', 207, '', 0),
(216, 4, 12, 180, 'U', 0, '', 207, '', 0),
(217, 4, 12, 181, 'U', 0, '', 207, '', 0),
(218, 4, 12, 182, 'U', 0, '', 207, '', 0),
(219, 4, 12, 183, 'U', 0, '', 207, '', 0),
(220, 4, 12, 184, 'U', 0, '', 207, '', 0),
(221, 4, 12, 185, 'U', 0, '', 207, '', 0),
(222, 4, 0, 186, 'L', 0, '', 208, '', 0),
(223, 4, 0, 187, 'L', 0, '', 208, '', 0),
(224, 4, 0, 188, 'L', 0, '', 208, '', 0),
(225, 4, 0, 197, 'L', 0, '', 211, '', 0),
(226, 4, 0, 198, 'L', 0, '', 211, '', 0),
(227, 4, 0, 199, 'L', 0, '', 211, '', 0),
(228, 4, 0, 200, 'L', 0, '', 210, '', 0),
(229, 4, 0, 201, 'L', 0, '', 210, '', 0),
(230, 4, 0, 202, 'L', 0, '', 210, '', 0),
(231, 4, 0, 203, 'L', 0, '', 209, '', 0),
(232, 4, 0, 204, 'L', 0, '', 209, '', 0),
(233, 4, 0, 205, 'L', 0, '', 209, '', 0),
(234, 4, 0, 206, 'L', 0, '', 212, '', 0),
(235, 4, 0, 207, 'L', 0, '', 212, '', 0),
(236, 4, 0, 208, 'L', 0, '', 212, '', 0),
(237, 4, 0, 209, 'L', 0, '', 213, '', 0),
(238, 4, 0, 210, 'L', 0, '', 213, '', 0),
(239, 4, 0, 211, 'L', 0, '', 213, '', 0),
(240, 4, 0, 212, 'L', 0, '', 214, '', 0),
(241, 4, 0, 213, 'L', 0, '', 214, '', 0),
(242, 4, 0, 214, 'L', 0, '', 214, '', 0),
(243, 4, 0, 215, 'L', 0, '', 215, '', 0),
(244, 4, 0, 216, 'L', 0, '', 215, '', 0),
(245, 4, 0, 217, 'L', 0, '', 215, '', 0),
(246, 4, 0, 218, 'L', 0, '', 216, '', 0),
(247, 4, 0, 219, 'L', 0, '', 216, '', 0),
(248, 4, 0, 220, 'L', 0, '', 216, '', 0),
(249, 4, 0, 221, 'L', 0, '', 217, '', 0),
(250, 4, 0, 222, 'L', 0, '', 217, '', 0),
(251, 4, 0, 223, 'L', 0, '', 217, '', 0),
(252, 4, 0, 224, 'L', 0, '', 218, '', 0),
(253, 4, 0, 225, 'L', 0, '', 218, '', 0),
(254, 4, 0, 226, 'L', 0, '', 218, '', 0),
(255, 4, 0, 227, 'L', 0, '', 219, '', 0),
(256, 4, 0, 228, 'L', 0, '', 219, '', 0),
(257, 4, 0, 229, 'L', 0, '', 219, '', 0),
(258, 4, 0, 230, 'L', 0, '', 220, '', 0),
(259, 4, 0, 231, 'L', 0, '', 220, '', 0),
(260, 4, 0, 232, 'L', 0, '', 220, '', 0),
(261, 4, 0, 233, 'L', 0, '', 221, '', 0),
(262, 4, 0, 234, 'L', 0, '', 221, '', 0),
(263, 4, 0, 235, 'L', 0, '', 221, '', 0),
(264, 5, 5, 5, 'N', 0, '', 0, '', 0),
(265, 5, 12, 237, 'U', 0, '', 264, '', 0),
(266, 5, 12, 238, 'U', 0, '', 264, '', 0),
(267, 5, 12, 239, 'U', 0, '', 264, '', 0),
(268, 5, 12, 240, 'U', 0, '', 264, '', 0),
(269, 5, 12, 241, 'U', 0, '', 264, '', 0),
(270, 5, 12, 242, 'U', 0, '', 264, '', 0),
(271, 5, 12, 243, 'U', 0, '', 264, '', 0),
(272, 5, 12, 244, 'U', 0, '', 264, '', 0),
(273, 5, 12, 245, 'U', 0, '', 264, '', 0),
(274, 5, 12, 246, 'U', 0, '', 264, '', 0),
(275, 5, 12, 247, 'U', 0, '', 264, '', 0),
(276, 5, 12, 248, 'U', 0, '', 264, '', 0),
(277, 5, 12, 249, 'U', 0, '', 264, '', 0),
(278, 5, 12, 250, 'U', 0, '', 264, '', 0),
(279, 5, 0, 251, 'L', 0, '', 265, '', 0),
(280, 5, 0, 252, 'L', 0, '', 265, '', 0),
(281, 5, 0, 253, 'L', 0, '', 265, '', 0),
(282, 5, 0, 256, 'L', 0, '', 266, '', 0),
(283, 5, 0, 257, 'L', 0, '', 266, '', 0),
(284, 5, 0, 258, 'L', 0, '', 266, '', 0),
(285, 5, 0, 259, 'L', 0, '', 267, '', 0),
(286, 5, 0, 260, 'L', 0, '', 267, '', 0),
(287, 5, 0, 261, 'L', 0, '', 267, '', 0),
(288, 5, 0, 262, 'L', 0, '', 268, '', 0),
(289, 5, 0, 263, 'L', 0, '', 268, '', 0),
(290, 5, 0, 264, 'L', 0, '', 268, '', 0),
(291, 5, 0, 265, 'L', 0, '', 269, '', 0),
(292, 5, 0, 266, 'L', 0, '', 269, '', 0),
(293, 5, 0, 267, 'L', 0, '', 269, '', 0),
(294, 5, 0, 268, 'L', 0, '', 270, '', 0),
(295, 5, 0, 269, 'L', 0, '', 270, '', 0),
(296, 5, 0, 270, 'L', 0, '', 270, '', 0),
(297, 5, 0, 271, 'L', 0, '', 271, '', 0),
(298, 5, 0, 272, 'L', 0, '', 271, '', 0),
(299, 5, 0, 273, 'L', 0, '', 271, '', 0),
(300, 5, 0, 274, 'L', 0, '', 272, '', 0),
(301, 5, 0, 275, 'L', 0, '', 272, '', 0),
(302, 5, 0, 276, 'L', 0, '', 272, '', 0),
(303, 5, 0, 277, 'L', 0, '', 273, '', 0),
(304, 5, 0, 278, 'L', 0, '', 273, '', 0),
(305, 5, 0, 279, 'L', 0, '', 273, '', 0),
(306, 5, 0, 281, 'L', 0, '', 274, '', 0),
(307, 5, 0, 282, 'L', 0, '', 274, '', 0),
(308, 5, 0, 283, 'L', 0, '', 274, '', 0),
(309, 5, 0, 284, 'L', 0, '', 275, '', 0),
(310, 5, 0, 285, 'L', 0, '', 275, '', 0),
(311, 5, 0, 286, 'L', 0, '', 275, '', 0),
(312, 5, 0, 287, 'L', 0, '', 276, '', 0),
(313, 5, 0, 288, 'L', 0, '', 276, '', 0),
(314, 5, 0, 289, 'L', 0, '', 276, '', 0),
(315, 5, 0, 290, 'L', 0, '', 277, '', 0),
(316, 5, 0, 291, 'L', 0, '', 277, '', 0),
(317, 5, 0, 292, 'L', 0, '', 277, '', 0),
(318, 5, 0, 293, 'L', 0, '', 278, '', 0),
(319, 5, 0, 294, 'L', 0, '', 278, '', 0),
(320, 5, 0, 295, 'L', 0, '', 278, '', 0),
(725, 31, 5, 701, 'S', 0, '0117-5', 0, '', 1),
(724, 31, 4, 700, 'S', 0, '0117-4', 0, '', 1),
(723, 31, 3, 699, 'S', 0, '0117-3', 0, '', 1),
(722, 31, 2, 698, 'S', 0, '0117-2', 0, '', 1),
(721, 31, 1, 697, 'S', 0, '0117-1', 0, '', 1),
(720, 31, 6, 696, 'S', 0, '0116-6', 0, '', 1),
(719, 31, 5, 695, 'S', 0, '0116-5', 0, '', 1),
(718, 31, 4, 694, 'S', 0, '0116-4', 0, '', 1),
(717, 31, 3, 693, 'S', 0, '0116-3', 0, '', 1),
(716, 31, 2, 692, 'S', 0, '0116-2', 0, '', 1),
(715, 31, 1, 691, 'S', 0, '0116-1', 0, '', 1),
(714, 31, 6, 690, 'S', 0, '0115-6', 0, '', 1),
(713, 31, 5, 689, 'S', 0, '0115-5', 0, '', 1),
(712, 31, 4, 688, 'S', 0, '0115-4', 0, '', 1),
(711, 31, 3, 687, 'S', 0, '0115-3', 0, '', 1),
(710, 31, 2, 686, 'S', 0, '0115-2', 0, '', 1),
(709, 31, 1, 685, 'S', 0, '0115-1', 0, '', 1),
(708, 31, 5, 684, 'S', 0, '0114-5', 0, '', 1),
(707, 31, 4, 683, 'S', 0, '0114-4', 0, '', 1),
(706, 31, 3, 682, 'S', 0, '0114-3', 0, '', 1),
(705, 31, 2, 681, 'S', 0, '0114-2', 0, '', 1),
(704, 31, 1, 680, 'S', 0, '0114-1', 0, '', 1),
(703, 31, 7, 679, 'S', 0, '0113-7', 0, '', 1),
(702, 31, 6, 678, 'S', 0, '0113-6', 0, '', 1),
(701, 31, 5, 677, 'S', 0, '0113-5', 0, '', 1),
(700, 31, 4, 676, 'S', 0, '0113-4', 0, '', 1),
(699, 31, 3, 675, 'S', 0, '0113-3', 0, '', 1),
(698, 31, 2, 674, 'S', 0, '0113-2', 0, '', 1),
(697, 31, 1, 673, 'S', 0, '0113-1', 0, '', 1),
(696, 31, 13, 672, 'S', 0, '0112-13', 0, '', 1),
(695, 31, 12, 671, 'S', 0, '0112-12', 0, '', 1),
(694, 31, 11, 670, 'S', 0, '0112-11', 0, '', 1),
(693, 31, 10, 669, 'S', 0, '0112-10', 0, '', 1),
(692, 31, 9, 668, 'S', 0, '0112-9', 0, '', 1),
(691, 31, 8, 667, 'S', 0, '0112-8', 0, '', 1),
(690, 31, 7, 666, 'S', 0, '0111-7', 0, '', 1),
(689, 31, 6, 665, 'S', 0, '0111-6', 0, '', 1),
(688, 31, 5, 664, 'S', 0, '0111-5', 0, '', 1),
(687, 31, 4, 663, 'S', 0, '0111-4', 0, '', 1),
(686, 31, 3, 662, 'S', 0, '0111-3', 0, '', 1),
(685, 31, 2, 661, 'S', 0, '0111-2', 0, '', 1),
(684, 31, 1, 660, 'S', 0, '0111-1', 0, '', 1),
(683, 31, 4, 659, 'S', 0, '0110-4', 0, '', 1),
(682, 31, 3, 658, 'S', 0, '0110-3', 0, '', 1),
(681, 31, 2, 657, 'S', 0, '0110-2', 0, '', 1),
(680, 31, 1, 656, 'S', 0, '0110-1', 0, '', 1),
(679, 31, 5, 655, 'S', 0, '0109-5', 0, '', 1),
(678, 31, 4, 654, 'S', 0, '0109-4', 0, '', 1),
(677, 31, 3, 653, 'S', 0, '0109-3', 0, '', 1),
(676, 31, 2, 652, 'S', 0, '0109-2', 0, '', 1),
(675, 31, 1, 651, 'S', 0, '0109-1', 0, '', 1),
(674, 30, 5, 650, 'S', 0, '0106-5', 0, '', 1),
(673, 30, 4, 649, 'S', 0, '0106-4', 0, '', 1),
(672, 30, 3, 648, 'S', 0, '0106-3', 0, '', 1),
(671, 30, 2, 647, 'S', 0, '0106-2', 0, '', 1),
(670, 30, 1, 646, 'S', 0, '0106-1', 0, '', 1),
(669, 30, 5, 645, 'S', 0, '0105-5', 0, '', 1),
(668, 30, 4, 644, 'S', 0, '0105-4', 0, '', 1),
(667, 30, 3, 643, 'S', 0, '0105-3', 0, '', 1),
(666, 30, 2, 642, 'S', 0, '0105-2', 0, '', 1),
(665, 30, 1, 641, 'S', 0, '0105-1', 0, '', 1),
(664, 30, 5, 640, 'S', 0, '0104-5', 0, '', 1),
(663, 30, 4, 639, 'S', 0, '0104-4', 0, '', 1),
(662, 30, 3, 638, 'S', 0, '0104-3', 0, '', 1),
(661, 30, 2, 637, 'S', 0, '0104-2', 0, '', 1),
(660, 30, 1, 636, 'S', 0, '0104-1', 0, '', 1),
(659, 30, 2, 635, 'S', 0, '0103-2', 0, '', 1),
(658, 30, 1, 634, 'S', 0, '0103-1', 0, '', 1),
(657, 30, 4, 633, 'S', 0, '0102-4', 0, '', 1),
(656, 30, 3, 632, 'S', 0, '0102-3', 0, '', 1),
(655, 30, 2, 631, 'S', 0, '0102-2', 0, '', 1),
(654, 30, 1, 630, 'S', 0, '0102-1', 0, '', 1),
(653, 29, 5, 629, 'S', 0, '0101-5', 0, '', 1),
(652, 29, 4, 628, 'S', 0, '0101-4', 0, '', 1),
(651, 29, 3, 627, 'S', 0, '0101-3', 0, '', 1),
(650, 29, 2, 626, 'S', 0, '0101-2', 0, '', 1),
(649, 29, 1, 625, 'S', 0, '0101-1', 0, '', 1),
(648, 28, 5, 624, 'S', 0, '0100-5', 0, '', 1),
(647, 28, 4, 623, 'S', 0, '0100-4', 0, '', 1),
(646, 28, 3, 622, 'S', 0, '0100-3', 0, '', 1),
(645, 28, 2, 621, 'S', 0, '0100-2', 0, '', 1),
(644, 28, 1, 620, 'S', 0, '0100-1', 0, '', 1),
(643, 27, 5, 619, 'S', 0, '0099-5', 0, '', 1),
(642, 27, 4, 618, 'S', 0, '0099-4', 0, '', 1),
(641, 27, 3, 617, 'S', 0, '0099-3', 0, '', 1),
(640, 27, 2, 616, 'S', 0, '0099-2', 0, '', 1),
(639, 27, 1, 615, 'S', 0, '0099-1', 0, '', 1),
(638, 26, 5, 614, 'S', 0, '0098-5', 0, '', 1),
(637, 26, 4, 613, 'S', 0, '0098-4', 0, '', 1),
(636, 26, 3, 612, 'S', 0, '0098-3', 0, '', 1),
(635, 26, 2, 611, 'S', 0, '0098-2', 0, '', 1),
(634, 26, 1, 610, 'S', 0, '0098-1', 0, '', 1),
(633, 25, 5, 609, 'S', 0, '0097-5', 0, '', 1),
(632, 25, 4, 608, 'S', 0, '0097-4', 0, '', 1),
(631, 25, 3, 607, 'S', 0, '0097-3', 0, '', 1),
(630, 25, 2, 606, 'S', 0, '0097-2', 0, '', 1),
(629, 25, 1, 605, 'S', 0, '0097-1', 0, '', 1),
(628, 25, 5, 604, 'S', 0, '0096-5', 0, '', 1),
(627, 25, 4, 603, 'S', 0, '0096-4', 0, '', 1),
(626, 25, 3, 602, 'S', 0, '0096-3', 0, '', 1),
(625, 25, 2, 601, 'S', 0, '0096-2', 0, '', 1),
(624, 25, 1, 600, 'S', 0, '0096-1', 0, '', 1),
(623, 25, 8, 599, 'S', 0, '0095-8', 0, '', 1),
(622, 25, 7, 598, 'S', 0, '0095-7', 0, '', 1),
(621, 25, 6, 597, 'S', 0, '0095-6', 0, '', 1),
(620, 25, 5, 596, 'S', 0, '0095-5', 0, '', 1),
(619, 25, 4, 595, 'S', 0, '0095-4', 0, '', 1),
(618, 25, 3, 594, 'S', 0, '0095-3', 0, '', 1),
(617, 25, 2, 593, 'S', 0, '0095-2', 0, '', 1),
(616, 25, 1, 592, 'S', 0, '0095-1', 0, '', 1),
(615, 25, 7, 591, 'S', 0, '0094-7', 0, '', 1),
(614, 25, 6, 590, 'S', 0, '0094-6', 0, '', 1),
(613, 25, 5, 589, 'S', 0, '0094-5', 0, '', 1),
(612, 25, 4, 588, 'S', 0, '0094-4', 0, '', 1),
(611, 25, 3, 587, 'S', 0, '0094-3', 0, '', 1),
(610, 25, 2, 586, 'S', 0, '0094-2', 0, '', 1),
(609, 25, 1, 585, 'S', 0, '0094-1', 0, '', 1),
(608, 25, 9, 584, 'S', 0, '0093-9', 0, '', 1),
(607, 25, 8, 583, 'S', 0, '0093-8', 0, '', 1),
(606, 25, 7, 582, 'S', 0, '0093-7', 0, '', 1),
(605, 25, 6, 581, 'S', 0, '0093-6', 0, '', 1),
(604, 25, 11, 580, 'S', 0, '0092-11', 0, '', 1),
(603, 25, 10, 579, 'S', 0, '0092-10', 0, '', 1),
(602, 25, 9, 578, 'S', 0, '0092-9', 0, '', 1),
(601, 25, 8, 577, 'S', 0, '0092-8', 0, '', 1),
(600, 25, 7, 576, 'S', 0, '0092-7', 0, '', 1),
(599, 25, 6, 575, 'S', 0, '0092-6', 0, '', 1),
(598, 25, 12, 574, 'S', 0, '0091-12', 0, '', 1),
(597, 25, 11, 573, 'S', 0, '0091-11', 0, '', 1),
(596, 25, 10, 572, 'S', 0, '0091-10', 0, '', 1),
(595, 25, 9, 571, 'S', 0, '0091-9', 0, '', 1),
(594, 25, 8, 570, 'S', 0, '0091-8', 0, '', 1),
(593, 25, 7, 569, 'S', 0, '0091-7', 0, '', 1),
(592, 25, 6, 568, 'S', 0, '0091-6', 0, '', 1),
(591, 25, 19, 567, 'S', 0, '0090-19', 0, '', 1),
(590, 25, 18, 566, 'S', 0, '0090-18', 0, '', 1),
(589, 25, 17, 565, 'S', 0, '0090-17', 0, '', 1),
(588, 25, 16, 564, 'S', 0, '0090-16', 0, '', 1),
(587, 25, 15, 563, 'S', 0, '0090-15', 0, '', 1),
(586, 25, 14, 562, 'S', 0, '0090-14', 0, '', 1),
(585, 25, 13, 561, 'S', 0, '0090-13', 0, '', 1),
(584, 25, 12, 560, 'S', 0, '0090-12', 0, '', 1),
(583, 25, 11, 559, 'S', 0, '0090-11', 0, '', 1),
(582, 25, 10, 558, 'S', 0, '0090-10', 0, '', 1),
(581, 25, 19, 557, 'S', 0, '0089-19', 0, '', 1),
(580, 25, 18, 556, 'S', 0, '0089-18', 0, '', 1),
(579, 25, 17, 555, 'S', 0, '0089-17', 0, '', 1),
(578, 25, 16, 554, 'S', 0, '0089-16', 0, '', 1),
(577, 25, 15, 553, 'S', 0, '0089-15', 0, '', 1),
(576, 25, 14, 552, 'S', 0, '0089-14', 0, '', 1),
(575, 25, 13, 551, 'S', 0, '0089-13', 0, '', 1),
(574, 25, 12, 550, 'S', 0, '0089-12', 0, '', 1),
(573, 25, 11, 549, 'S', 0, '0089-11', 0, '', 1),
(572, 25, 10, 548, 'S', 0, '0089-10', 0, '', 1),
(571, 25, 5, 547, 'S', 0, '0073-5', 0, '', 1),
(570, 25, 4, 546, 'S', 0, '0073-4', 0, '', 1),
(569, 25, 3, 545, 'S', 0, '0073-3', 0, '', 1),
(568, 25, 2, 544, 'S', 0, '0073-2', 0, '', 1),
(567, 25, 1, 543, 'S', 0, '0073-1', 0, '', 1),
(566, 25, 5, 542, 'S', 0, '0072-5', 0, '', 1),
(565, 25, 4, 541, 'S', 0, '0072-4', 0, '', 1),
(564, 25, 3, 540, 'S', 0, '0072-3', 0, '', 1),
(563, 25, 2, 539, 'S', 0, '0072-2', 0, '', 1),
(562, 25, 1, 538, 'S', 0, '0072-1', 0, '', 1),
(561, 25, 4, 537, 'S', 0, '0071-4', 0, '', 1),
(560, 25, 3, 536, 'S', 0, '0071-3', 0, '', 1),
(559, 25, 2, 535, 'S', 0, '0071-2', 0, '', 1),
(558, 25, 1, 534, 'S', 0, '0071-1', 0, '', 1),
(557, 25, 5, 533, 'S', 0, '0070-5', 0, '', 1),
(556, 25, 4, 532, 'S', 0, '0070-4', 0, '', 1),
(555, 25, 3, 531, 'S', 0, '0070-3', 0, '', 1),
(554, 25, 2, 530, 'S', 0, '0070-2', 0, '', 1),
(553, 25, 1, 529, 'S', 0, '0070-1', 0, '', 1),
(552, 25, 5, 528, 'S', 0, '0069-5', 0, '', 1),
(551, 25, 4, 527, 'S', 0, '0069-4', 0, '', 1),
(550, 25, 3, 526, 'S', 0, '0069-3', 0, '', 1),
(549, 25, 2, 525, 'S', 0, '0069-2', 0, '', 1),
(548, 25, 1, 524, 'S', 0, '0069-1', 0, '', 1),
(547, 25, 5, 523, 'S', 0, '0068-5', 0, '', 1),
(546, 25, 4, 522, 'S', 0, '0068-4', 0, '', 1),
(545, 25, 3, 521, 'S', 0, '0068-3', 0, '', 1),
(544, 25, 2, 520, 'S', 0, '0068-2', 0, '', 1),
(543, 25, 1, 519, 'S', 0, '0068-1', 0, '', 1),
(542, 24, 1, 518, 'S', 0, '0067-1', 0, '', 1),
(541, 23, 1, 517, 'S', 0, '0066-1', 0, '', 1),
(540, 23, 4, 516, 'S', 0, '0065-4', 0, '', 1),
(539, 23, 3, 515, 'S', 0, '0065-3', 0, '', 1),
(538, 23, 2, 514, 'S', 0, '0065-2', 0, '', 1),
(537, 23, 1, 513, 'S', 0, '0065-1', 0, '', 1),
(536, 23, 4, 512, 'S', 0, '0055-4', 0, '', 1),
(535, 23, 3, 511, 'S', 0, '0055-3', 0, '', 1),
(534, 23, 2, 510, 'S', 0, '0055-2', 0, '', 1),
(533, 23, 1, 509, 'S', 0, '0055-1', 0, '', 1),
(532, 23, 5, 508, 'S', 0, '0054-5', 0, '', 1),
(531, 23, 4, 507, 'S', 0, '0054-4', 0, '', 1),
(530, 23, 3, 506, 'S', 0, '0054-3', 0, '', 1),
(529, 23, 2, 505, 'S', 0, '0054-2', 0, '', 1),
(528, 23, 1, 504, 'S', 0, '0054-1', 0, '', 1),
(527, 23, 4, 503, 'S', 0, '0053-4', 0, '', 1),
(526, 23, 3, 502, 'S', 0, '0053-3', 0, '', 1),
(525, 23, 2, 501, 'S', 0, '0053-2', 0, '', 1),
(524, 23, 1, 500, 'S', 0, '0053-1', 0, '', 1),
(523, 22, 5, 499, 'S', 0, '0052-5', 0, '', 1),
(522, 22, 4, 498, 'S', 0, '0052-4', 0, '', 1),
(521, 22, 3, 497, 'S', 0, '0052-3', 0, '', 1),
(520, 22, 2, 496, 'S', 0, '0052-2', 0, '', 1),
(519, 22, 1, 495, 'S', 0, '0052-1', 0, '', 1),
(518, 22, 4, 494, 'S', 0, '0051-4', 0, '', 1),
(517, 22, 3, 493, 'S', 0, '0051-3', 0, '', 1),
(516, 22, 2, 492, 'S', 0, '0051-2', 0, '', 1),
(515, 22, 1, 491, 'S', 0, '0051-1', 0, '', 1),
(514, 22, 5, 490, 'S', 0, '0050-5', 0, '', 1),
(513, 22, 4, 489, 'S', 0, '0050-4', 0, '', 1),
(512, 22, 3, 488, 'S', 0, '0050-3', 0, '', 1),
(511, 22, 2, 487, 'S', 0, '0050-2', 0, '', 1),
(510, 22, 1, 486, 'S', 0, '0050-1', 0, '', 1),
(509, 22, 13, 485, 'S', 0, '0049-13', 0, '', 1),
(508, 22, 12, 484, 'S', 0, '0049-12', 0, '', 1),
(507, 22, 11, 483, 'S', 0, '0049-11', 0, '', 1),
(506, 22, 10, 482, 'S', 0, '0049-10', 0, '', 1),
(505, 22, 9, 481, 'S', 0, '0049-9', 0, '', 1),
(504, 22, 8, 480, 'S', 0, '0049-8', 0, '', 1),
(503, 22, 7, 479, 'S', 0, '0049-7', 0, '', 1),
(502, 22, 6, 478, 'S', 0, '0049-6', 0, '', 1),
(501, 22, 5, 477, 'S', 0, '0049-5', 0, '', 1),
(500, 22, 4, 476, 'S', 0, '0049-4', 0, '', 1),
(499, 22, 3, 475, 'S', 0, '0049-3', 0, '', 1),
(498, 22, 2, 474, 'S', 0, '0049-2', 0, '', 1),
(497, 22, 1, 473, 'S', 0, '0049-1', 0, '', 1),
(496, 22, 14, 472, 'S', 0, '0048-14', 0, '', 1),
(495, 22, 13, 471, 'S', 0, '0048-13', 0, '', 1),
(494, 22, 12, 470, 'S', 0, '0048-12', 0, '', 1),
(493, 22, 11, 469, 'S', 0, '0048-11', 0, '', 1),
(492, 22, 10, 468, 'S', 0, '0048-10', 0, '', 1),
(491, 22, 9, 467, 'S', 0, '0048-9', 0, '', 1),
(490, 22, 8, 466, 'S', 0, '0048-8', 0, '', 1),
(489, 22, 7, 465, 'S', 0, '0048-7', 0, '', 1),
(488, 22, 6, 464, 'S', 0, '0048-6', 0, '', 1),
(487, 22, 5, 463, 'S', 0, '0048-5', 0, '', 1),
(486, 22, 4, 462, 'S', 0, '0048-4', 0, '', 1),
(485, 22, 3, 461, 'S', 0, '0048-3', 0, '', 1),
(484, 22, 2, 460, 'S', 0, '0048-2', 0, '', 1),
(483, 22, 1, 459, 'S', 0, '0048-1', 0, '', 1),
(482, 22, 6, 458, 'S', 0, '0047-6', 0, '', 1),
(481, 22, 5, 457, 'S', 0, '0047-5', 0, '', 1),
(480, 22, 4, 456, 'S', 0, '0047-4', 0, '', 1),
(479, 22, 3, 455, 'S', 0, '0047-3', 0, '', 1),
(478, 22, 2, 454, 'S', 0, '0047-2', 0, '', 1),
(477, 22, 1, 453, 'S', 0, '0047-1', 0, '', 1),
(476, 22, 5, 452, 'S', 0, '0046-5', 0, '', 1),
(475, 22, 4, 451, 'S', 0, '0046-4', 0, '', 1),
(474, 22, 3, 450, 'S', 0, '0046-3', 0, '', 1),
(473, 22, 2, 449, 'S', 0, '0046-2', 0, '', 1),
(472, 22, 1, 448, 'S', 0, '0046-1', 0, '', 1),
(471, 22, 5, 447, 'S', 0, '0045-5', 0, '', 1),
(470, 22, 4, 446, 'S', 0, '0045-4', 0, '', 1),
(469, 22, 3, 445, 'S', 0, '0045-3', 0, '', 1),
(468, 22, 2, 444, 'S', 0, '0045-2', 0, '', 1),
(467, 22, 1, 443, 'S', 0, '0045-1', 0, '', 1),
(466, 22, 12, 442, 'S', 0, '0044-12', 0, '', 1),
(465, 22, 11, 441, 'S', 0, '0044-11', 0, '', 1),
(464, 22, 10, 440, 'S', 0, '0044-10', 0, '', 1),
(463, 22, 9, 439, 'S', 0, '0044-9', 0, '', 1),
(462, 22, 8, 438, 'S', 0, '0044-8', 0, '', 1),
(461, 22, 7, 437, 'S', 0, '0044-7', 0, '', 1),
(460, 22, 6, 436, 'S', 0, '0044-6', 0, '', 1),
(459, 22, 5, 435, 'S', 0, '0044-5', 0, '', 1),
(458, 22, 4, 434, 'S', 0, '0044-4', 0, '', 1),
(457, 22, 3, 433, 'S', 0, '0044-3', 0, '', 1),
(456, 22, 2, 432, 'S', 0, '0044-2', 0, '', 1),
(455, 22, 1, 431, 'S', 0, '0044-1', 0, '', 1),
(454, 22, 9, 430, 'S', 0, '0043-9', 0, '', 1),
(453, 22, 8, 429, 'S', 0, '0043-8', 0, '', 1),
(452, 22, 7, 428, 'S', 0, '0043-7', 0, '', 1),
(451, 22, 6, 427, 'S', 0, '0043-6', 0, '', 1),
(450, 22, 5, 426, 'S', 0, '0043-5', 0, '', 1),
(449, 22, 4, 425, 'S', 0, '0043-4', 0, '', 1),
(448, 22, 3, 424, 'S', 0, '0043-3', 0, '', 1),
(447, 22, 2, 423, 'S', 0, '0043-2', 0, '', 1),
(446, 22, 1, 422, 'S', 0, '0043-1', 0, '', 1),
(445, 21, 8, 421, 'S', 0, '0042-8', 0, '', 1),
(444, 21, 7, 420, 'S', 0, '0042-7', 0, '', 1),
(443, 21, 6, 419, 'S', 0, '0042-6', 0, '', 1),
(442, 21, 5, 418, 'S', 0, '0042-5', 0, '', 1),
(441, 21, 4, 417, 'S', 0, '0042-4', 0, '', 1),
(440, 21, 3, 416, 'S', 0, '0042-3', 0, '', 1),
(439, 21, 2, 415, 'S', 0, '0042-2', 0, '', 1),
(438, 21, 1, 414, 'S', 0, '0042-1', 0, '', 1),
(437, 20, 10, 413, 'S', 0, '0017-10', 0, '', 1),
(436, 20, 9, 412, 'S', 0, '0017-9', 0, '', 1),
(435, 20, 8, 411, 'S', 0, '0017-8', 0, '', 1),
(434, 20, 7, 410, 'S', 0, '0017-7', 0, '', 1),
(433, 20, 6, 409, 'S', 0, '0017-6', 0, '', 1),
(432, 20, 5, 408, 'S', 0, '0017-5', 0, '', 1),
(431, 20, 4, 407, 'S', 0, '0017-4', 0, '', 1),
(430, 20, 3, 406, 'S', 0, '0017-3', 0, '', 1),
(429, 20, 2, 405, 'S', 0, '0017-2', 0, '', 1),
(428, 20, 1, 404, 'S', 0, '0017-1', 0, '', 1),
(427, 20, 8, 403, 'S', 0, '0016-8', 0, '', 1),
(426, 20, 7, 402, 'S', 0, '0016-7', 0, '', 1),
(425, 20, 6, 401, 'S', 0, '0016-6', 0, '', 1),
(424, 20, 5, 400, 'S', 0, '0016-5', 0, '', 1),
(423, 20, 4, 399, 'S', 0, '0016-4', 0, '', 1),
(422, 20, 3, 398, 'S', 0, '0016-3', 0, '', 1),
(421, 20, 2, 397, 'S', 0, '0016-2', 0, '', 1),
(420, 20, 1, 396, 'S', 0, '0016-1', 0, '', 1),
(419, 19, 5, 395, 'S', 0, '0015-5', 0, '', 1),
(418, 19, 4, 394, 'S', 0, '0015-4', 0, '', 1),
(417, 19, 3, 393, 'S', 0, '0015-3', 0, '', 1),
(416, 19, 2, 392, 'S', 0, '0015-2', 0, '', 1),
(415, 19, 1, 391, 'S', 0, '0015-1', 0, '', 1),
(414, 18, 6, 390, 'S', 0, '0014-6', 0, '', 1),
(413, 18, 5, 389, 'S', 0, '0014-5', 0, '', 1),
(412, 18, 4, 388, 'S', 0, '0014-4', 0, '', 1),
(411, 18, 3, 387, 'S', 0, '0014-3', 0, '', 1),
(410, 18, 2, 386, 'S', 0, '0014-2', 0, '', 1),
(409, 18, 1, 385, 'S', 0, '0014-1', 0, '', 1),
(408, 17, 7, 384, 'S', 0, '0013-7', 0, '', 1),
(407, 17, 6, 383, 'S', 0, '0013-6', 0, '', 1),
(406, 17, 5, 382, 'S', 0, '0013-5', 0, '', 1),
(405, 17, 4, 381, 'S', 0, '0013-4', 0, '', 1),
(404, 17, 3, 380, 'S', 0, '0013-3', 0, '', 1),
(403, 17, 2, 379, 'S', 0, '0013-2', 0, '', 1),
(402, 17, 1, 378, 'S', 0, '0013-1', 0, '', 1),
(401, 16, 8, 377, 'S', 0, '0012-8', 0, '', 1),
(400, 16, 7, 376, 'S', 0, '0012-7', 0, '', 1),
(399, 16, 6, 375, 'S', 0, '0012-6', 0, '', 1),
(398, 16, 5, 374, 'S', 0, '0012-5', 0, '', 1),
(397, 16, 4, 373, 'S', 0, '0012-4', 0, '', 1),
(396, 16, 3, 372, 'S', 0, '0012-3', 0, '', 1),
(395, 16, 2, 371, 'S', 0, '0012-2', 0, '', 1),
(394, 16, 1, 370, 'S', 0, '0012-1', 0, '', 1),
(393, 16, 7, 369, 'S', 0, '0011-7', 0, '', 1),
(392, 16, 6, 368, 'S', 0, '0011-6', 0, '', 1),
(391, 16, 5, 367, 'S', 0, '0011-5', 0, '', 1),
(390, 16, 4, 366, 'S', 0, '0011-4', 0, '', 1),
(389, 16, 3, 365, 'S', 0, '0011-3', 0, '', 1),
(388, 16, 2, 364, 'S', 0, '0011-2', 0, '', 1),
(387, 16, 1, 363, 'S', 0, '0011-1', 0, '', 1),
(386, 16, 6, 362, 'S', 0, '0010-6', 0, '', 1),
(385, 16, 5, 361, 'S', 0, '0010-5', 0, '', 1),
(384, 16, 4, 360, 'S', 0, '0010-4', 0, '', 1),
(383, 16, 3, 359, 'S', 0, '0010-3', 0, '', 1),
(382, 16, 2, 358, 'S', 0, '0010-2', 0, '', 1),
(381, 16, 1, 357, 'S', 0, '0010-1', 0, '', 1),
(380, 15, 7, 356, 'S', 0, '0009-7', 0, '', 1),
(379, 15, 6, 355, 'S', 0, '0009-6', 0, '', 1),
(378, 15, 5, 354, 'S', 0, '0009-5', 0, '', 1),
(377, 15, 4, 353, 'S', 0, '0009-4', 0, '', 1),
(376, 15, 3, 352, 'S', 0, '0009-3', 0, '', 1),
(375, 15, 2, 351, 'S', 0, '0009-2', 0, '', 1),
(374, 15, 1, 350, 'S', 0, '0009-1', 0, '', 1),
(373, 14, 5, 349, 'S', 0, '0008-5', 0, '', 1),
(372, 14, 4, 348, 'S', 0, '0008-4', 0, '', 1),
(371, 14, 3, 347, 'S', 0, '0008-3', 0, '', 1),
(370, 14, 2, 346, 'S', 0, '0008-2', 0, '', 1),
(369, 14, 1, 345, 'S', 0, '0008-1', 0, '', 1),
(368, 13, 6, 344, 'S', 0, '0007-6', 0, '', 1),
(367, 13, 5, 343, 'S', 0, '0007-5', 0, '', 1),
(366, 13, 4, 342, 'S', 0, '0007-4', 0, '', 1),
(365, 13, 3, 341, 'S', 0, '0007-3', 0, '', 1),
(364, 13, 2, 340, 'S', 0, '0007-2', 0, '', 1),
(363, 13, 1, 339, 'S', 0, '0007-1', 0, '', 1),
(362, 12, 11, 338, 'S', 0, '0006-11', 0, '', 1),
(361, 12, 10, 337, 'S', 0, '0006-10', 0, '', 1),
(360, 12, 9, 336, 'S', 0, '0006-9', 0, '', 1),
(359, 12, 8, 335, 'S', 0, '0006-8', 0, '', 1),
(358, 12, 7, 334, 'S', 0, '0006-7', 0, '', 1),
(357, 12, 6, 333, 'S', 0, '0006-6', 0, '', 1),
(356, 12, 5, 332, 'S', 0, '0006-5', 0, '', 1),
(355, 12, 4, 331, 'S', 0, '0006-4', 0, '', 1),
(354, 12, 3, 330, 'S', 0, '0006-3', 0, '', 1),
(353, 12, 2, 329, 'S', 0, '0006-2', 0, '', 1),
(352, 12, 1, 328, 'S', 0, '0006-1', 0, '', 1),
(351, 11, 3, 327, 'S', 0, '0005-3', 0, '', 1),
(350, 11, 2, 326, 'S', 0, '0005-2', 0, '', 1),
(349, 11, 1, 325, 'S', 0, '0005-1', 0, '', 1),
(348, 10, 7, 324, 'S', 0, '0004-7', 0, '', 1),
(347, 10, 6, 323, 'S', 0, '0004-6', 0, '', 1),
(346, 10, 5, 322, 'S', 0, '0004-5', 0, '', 1),
(345, 10, 4, 321, 'S', 0, '0004-4', 0, '', 1),
(344, 10, 3, 320, 'S', 0, '0004-3', 0, '', 1),
(343, 10, 2, 319, 'S', 0, '0004-2', 0, '', 1),
(342, 10, 1, 318, 'S', 0, '0004-1', 0, '', 1),
(341, 9, 5, 317, 'S', 0, '0003-5', 0, '', 1),
(340, 9, 4, 316, 'S', 0, '0003-4', 0, '', 1),
(339, 9, 3, 315, 'S', 0, '0003-3', 0, '', 1),
(338, 9, 2, 314, 'S', 0, '0003-2', 0, '', 1),
(337, 9, 1, 313, 'S', 0, '0003-1', 0, '', 1),
(336, 8, 8, 312, 'S', 0, '0002-8', 0, '', 1),
(335, 8, 7, 311, 'S', 0, '0002-7', 0, '', 1),
(334, 8, 6, 310, 'S', 0, '0002-6', 0, '', 1),
(333, 8, 5, 309, 'S', 0, '0002-5', 0, '', 1),
(332, 8, 4, 308, 'S', 0, '0002-4', 0, '', 1),
(331, 8, 3, 307, 'S', 0, '0002-3', 0, '', 1),
(330, 8, 2, 306, 'S', 0, '0002-2', 0, '', 1),
(329, 8, 1, 305, 'S', 0, '0002-1', 0, '', 1),
(328, 7, 6, 304, 'S', 0, '0001-6', 0, '', 1),
(327, 7, 5, 303, 'S', 0, '0001-5', 0, '', 1),
(326, 7, 4, 302, 'S', 0, '0001-4', 0, '', 1),
(325, 7, 3, 301, 'S', 0, '0001-3', 0, '', 1),
(324, 7, 2, 300, 'S', 0, '0001-2', 0, '', 1),
(323, 7, 1, 299, 'S', 0, '0001-1', 0, '', 1),
(322, 6, 2, 298, 'S', 0, '0000-2', 0, '', 1),
(321, 6, 1, 297, 'S', 0, '0000-1', 0, '', 1);

-- --------------------------------------------------------

--
-- Estructura de tabla para la tabla `niveles`
--

CREATE TABLE `niveles` (
  `idnivel` int(11) NOT NULL,
  `nombre` varchar(250) NOT NULL,
  `tipo` char(1) NOT NULL COMMENT 'N= nivel, U= unidad, L=lesson',
  `idpadre` int(11) NOT NULL,
  `idpersonal` int(11) NOT NULL DEFAULT '0',
  `estado` int(11) NOT NULL COMMENT '1 activo , 0 inactivo',
  `orden` tinyint(4) NOT NULL DEFAULT '0',
  `imagen` varchar(200) DEFAULT NULL,
  `descripcion` text NOT NULL
) ENGINE=MyISAM DEFAULT CHARSET=utf8;

--
-- Volcado de datos para la tabla `niveles`
--

INSERT INTO `niveles` (`idnivel`, `nombre`, `tipo`, `idpadre`, `idpersonal`, `estado`, `orden`, `imagen`, `descripcion`) VALUES
(1, 'A1', 'N', 0, 0, 1, 1, '__xRUTABASEx__/static/media/image/N1-U1-A1-20180116045437.png', ''),
(2, 'A2', 'N', 0, 0, 1, 2, '__xRUTABASEx__/static/media/image/N1-U1-A1-20180116045959.png', ''),
(3, 'B1', 'N', 0, 0, 1, 3, '__xRUTABASEx__/static/media/image/N1-U1-A1-20180116050033.png', ''),
(4, 'B2', 'N', 0, 0, 1, 4, '__xRUTABASEx__/static/media/image/N1-U1-A1-20180116050104.png', ''),
(5, 'C1', 'N', 0, 0, 1, 5, '__xRUTABASEx__/static/media/image/N1-U1-A1-20180116075045.png', ''),
(56, 'Spell that', 'L', 6, 10101010, 1, 2, '__xRUTABASEx__/static/media/image/N1-U1-A1-20170313051952.jpg', ''),
(18, 'Hello', 'L', 6, 77777777, 1, 1, '__xRUTABASEx__/static/media/image/N1-U1-A1-20170222105623.jpg', ''),
(17, 'My year', 'U', 1, 77777777, 1, 12, '__xRUTABASEx__/static/media/image/N1-U1-A1-20170314122424.jpg', ''),
(16, 'I know what you did yesterday', 'U', 1, 77777777, 1, 11, '__xRUTABASEx__/static/media/image/N1-U1-A1-20170314121727.jpg', ''),
(15, 'Where do you live?', 'U', 1, 77777777, 1, 10, '__xRUTABASEx__/static/media/image/N1-U1-A1-20170314114745.jpg', ''),
(14, 'Right now!', 'U', 1, 33333333, 1, 9, '__xRUTABASEx__/static/media/image/N1-U1-A1-20170323063813.jpg', ''),
(13, 'It\'s a fact!', 'U', 1, 33333333, 1, 8, '__xRUTABASEx__/static/media/image/N1-U1-A1-20170314113752.jpg', ''),
(12, 'Food and drink', 'U', 1, 77777777, 1, 7, '__xRUTABASEx__/static/media/image/N1-U1-A1-20170313110118.jpg', ''),
(11, 'Going shopping', 'U', 1, 77777777, 1, 6, '__xRUTABASEx__/static/media/image/N1-U1-A1-20170313110322.jpg', ''),
(10, 'People', 'U', 1, 77777777, 1, 5, '__xRUTABASEx__/static/media/image/N1-U1-A1-20170313110217.jpg', ''),
(9, 'Leisure activities', 'U', 1, 33333333, 1, 4, '__xRUTABASEx__/static/media/image/N1-U1-A1-20170323063742.jpg', ''),
(8, 'Where are you from?', 'U', 1, 77777777, 1, 3, '__xRUTABASEx__/static/media/image/N1-U1-A1-20170314114908.png', ''),
(7, 'Numbers & Figures', 'U', 1, 33333333, 1, 2, '__xRUTABASEx__/static/media/image/N1-U1-A1-20170313033457.jpg', ''),
(6, 'Introductions', 'U', 1, 99999999, 1, 1, '__xRUTABASEx__/static/media/image/N1-U1-A1-20170221083851.jpg', ''),
(21, 'Numbers', 'L', 7, 77777777, 1, 1, '__xRUTABASEx__/static/media/image/N1-U1-A1-20170313053818.jpeg', ''),
(22, 'What\'s this?', 'L', 7, 10101010, 1, 2, '__xRUTABASEx__/static/media/image/N1-U1-A1-20170313054124.jpg', ''),
(23, 'Where is...?', 'L', 7, 10101010, 1, 3, '__xRUTABASEx__/static/media/image/N1-U1-A1-20170313054219.jpg', ''),
(24, 'Countries', 'L', 8, 77777777, 1, 1, '__xRUTABASEx__/static/media/image/N1-U1-A1-20170313055154.png', ''),
(25, 'Nationalities', 'L', 8, 77777777, 1, 2, '__xRUTABASEx__/static/media/image/N1-U1-A1-20170313055826.jpg', ''),
(26, 'Places', 'L', 8, 77777777, 1, 3, '__xRUTABASEx__/static/media/image/N1-U1-A1-20170313055956.jpg', ''),
(27, 'My week', 'L', 9, 77777777, 1, 1, '__xRUTABASEx__/static/media/image/N1-U1-A1-20170313060555.jpg', ''),
(29, 'Leisure activities', 'L', 9, 77777777, 1, 3, '__xRUTABASEx__/static/media/image/N1-U1-A1-20170313061943.jpg', ''),
(30, 'Describing people', 'L', 10, 77777777, 1, 1, '__xRUTABASEx__/static/media/image/N1-U1-A1-20170323052738.jpg', ''),
(31, 'The body', 'L', 10, 77777777, 1, 2, '__xRUTABASEx__/static/media/image/N1-U1-A1-20170313063050.jpg', ''),
(32, 'My family', 'L', 10, 77777777, 1, 3, '__xRUTABASEx__/static/media/image/N1-U1-A1-20170313063351.jpg', ''),
(33, 'At the store', 'L', 11, 77777777, 1, 1, '__xRUTABASEx__/static/media/image/N1-U1-A1-20170313065047.jpg', ''),
(34, 'Shopping', 'L', 11, 77777777, 1, 2, '__xRUTABASEx__/static/media/image/N1-U1-A1-20170313064055.jpg', ''),
(35, 'In a supermarket', 'L', 11, 77777777, 1, 3, '__xRUTABASEx__/static/media/image/N1-U1-A1-20170313065148.jpg', ''),
(36, 'Food items', 'L', 12, 77777777, 1, 1, '__xRUTABASEx__/static/media/image/N1-U1-A1-20170323052824.jpg', ''),
(37, 'In a restaurant', 'L', 12, 77777777, 1, 2, '__xRUTABASEx__/static/media/image/N1-U1-A1-20170313070130.jpg', ''),
(38, 'Cooking or dining out?', 'L', 12, 77777777, 1, 3, '__xRUTABASEx__/static/media/image/N1-U1-A1-20170313070403.jpg', ''),
(39, 'Clothing', 'L', 13, 33333333, 1, 1, '__xRUTABASEx__/static/media/image/N1-U1-A1-20170313070713.jpg', ''),
(40, 'Planets', 'L', 13, 77777777, 1, 2, '__xRUTABASEx__/static/media/image/N1-U1-A1-20170313070944.jpg', ''),
(41, 'Animals', 'L', 13, 77777777, 1, 3, '__xRUTABASEx__/static/media/image/N1-U1-A1-20170313071240.jpg', ''),
(42, 'Weather ', 'L', 14, 10101010, 1, 1, '__xRUTABASEx__/static/media/image/N1-U1-A1-20170313071500.jpg', ''),
(43, 'What am i doing?', 'L', 14, 77777777, 1, 2, '__xRUTABASEx__/static/media/image/N1-U1-A1-20170313072809.png', ''),
(44, 'Help!', 'L', 14, 77777777, 1, 3, '__xRUTABASEx__/static/media/image/N1-U1-A1-20170313072901.jpg', ''),
(45, 'My hometown', 'L', 15, 77777777, 1, 1, '__xRUTABASEx__/static/media/image/N1-U1-A1-20170313073410.jpg', ''),
(46, 'My house', 'L', 15, 77777777, 1, 2, '__xRUTABASEx__/static/media/image/N1-U1-A1-20170313073940.jpg', ''),
(47, 'My address', 'L', 15, 77777777, 1, 3, '__xRUTABASEx__/static/media/image/N1-U1-A1-20170314103719.png', ''),
(48, 'Where were you?', 'L', 16, 77777777, 1, 1, '__xRUTABASEx__/static/media/image/N1-U1-A1-20170323061239.jpg', ''),
(49, 'My School Years', 'L', 16, 77777777, 1, 2, '__xRUTABASEx__/static/media/image/N1-U1-A1-20170323061319.jpg', ''),
(50, 'My work', 'L', 16, 77777777, 1, 3, '__xRUTABASEx__/static/media/image/N1-U1-A1-20170323061349.jpg', ''),
(51, 'Dates and seasons', 'L', 17, 77777777, 1, 1, '__xRUTABASEx__/static/media/image/N1-U1-A1-20170323061752.jpg', ''),
(52, 'My holidays', 'L', 17, 77777777, 1, 2, '__xRUTABASEx__/static/media/image/N1-U1-A1-20170323062332.jpg', ''),
(53, 'Journeys', 'L', 17, 77777777, 1, 3, '__xRUTABASEx__/static/media/image/N1-U1-A1-20170323063656.jpg', ''),
(55, 'Who are you?', 'L', 6, 10101010, 1, 3, '__xRUTABASEx__/static/media/image/N1-U1-A1-20170313054934.jpg', ''),
(58, 'Routines', 'L', 9, 65300999, 1, 2, '__xRUTABASEx__/static/media/image/N1-U1-A1-20180309045058.jpg', ''),
(60, 'developer', 'L', 59, 99999999, 1, 1, '__xRUTABASEx__/static/media/image/N1-U1-A1-20171005041809.jpg', ''),
(61, 'Who\'s this?', 'L', 6, 43831104, 1, 4, '__xRUTABASEx__/static/media/image/N1-U1-A1-20171007112720.jpg', ''),
(63, 'What\'s it like?', 'U', 2, 10101010, 1, 12, '__xRUTABASEx__/static/media/image/N1-U1-A1-20171107042848.jpg', ''),
(62, 'Destinations', 'U', 2, 10101010, 1, 12, '__xRUTABASEx__/static/media/image/N1-U1-A1-20171107042821.jpg', ''),
(64, 'It\'s All About Them.', 'U', 2, 10101010, 1, 12, '__xRUTABASEx__/static/media/image/N1-U1-A1-20171107042907.jpg', ''),
(65, 'Is that so?', 'U', 2, 10101010, 1, 12, '__xRUTABASEx__/static/media/image/N1-U1-A1-20171107042928.jpg', ''),
(66, 'Yesterday', 'U', 2, 10101010, 1, 12, '__xRUTABASEx__/static/media/image/N1-U1-A1-20171107042959.jpeg', ''),
(67, 'Can you count?', 'U', 2, 10101010, 1, 12, '__xRUTABASEx__/static/media/image/N1-U1-A1-20171107043017.jpg', ''),
(68, 'Future Plans', 'U', 2, 10101010, 1, 12, '__xRUTABASEx__/static/media/image/N1-U1-A1-20171107043042.jpg', ''),
(69, 'Could you please?', 'U', 2, 10101010, 1, 12, '__xRUTABASEx__/static/media/image/N1-U1-A1-20171107043059.jpg', ''),
(70, 'Etiquette', 'U', 2, 10101010, 1, 12, '__xRUTABASEx__/static/media/image/N1-U1-A1-20171107043122.jpg', ''),
(71, 'Just do it!', 'U', 2, 10101010, 1, 12, '__xRUTABASEx__/static/media/image/N1-U1-A1-20171107043147.jpg', ''),
(72, 'Piece of Mind', 'U', 2, 10101010, 1, 12, '__xRUTABASEx__/static/media/image/N1-U1-A1-20171107043211.jpg', ''),
(73, 'LEVEL REVIEW', 'U', 2, 10101010, 1, 12, '__xRUTABASEx__/static/media/image/N1-U1-A1-20171107043240.jpg', ''),
(109, 'Forms of "other"', 'L', 72, 10101010, 1, 0, '__xRUTABASEx__/static/media/image/N1-U1-A1-20171108095751.jpg', ''),
(76, 'Visiting a City ', 'L', 62, 10101010, 1, 0, '__xRUTABASEx__/static/media/image/N1-U1-A1-20171107044106.jpg', ''),
(75, 'Famous places', 'L', 62, 10101010, 1, 0, '__xRUTABASEx__/static/media/image/N1-U1-A1-20171107043847.jpg', ''),
(77, 'Getaway', 'L', 62, 10101010, 1, 0, '__xRUTABASEx__/static/media/image/N1-U1-A1-20171107044200.jpg', ''),
(78, 'Observing objects', 'L', 63, 10101010, 1, 0, '__xRUTABASEx__/static/media/image/N1-U1-A1-20171107050203.jpg', ''),
(79, 'What\'s he/she like?', 'L', 63, 10101010, 1, 0, '__xRUTABASEx__/static/media/image/N1-U1-A1-20171107050330.jpg', ''),
(80, 'Classifieds', 'L', 63, 10101010, 1, 0, '__xRUTABASEx__/static/media/image/N1-U1-A1-20171107050519.jpg', ''),
(108, 'Making sure', 'L', 72, 10101010, 1, 0, '__xRUTABASEx__/static/media/image/N1-U1-A1-20171108095702.jpg', ''),
(82, 'Describing People', 'L', 64, 10101010, 1, 0, '__xRUTABASEx__/static/media/image/N1-U1-A1-20171107051008.jpg', ''),
(83, 'Likes & Dislikes', 'L', 64, 10101010, 1, 0, '__xRUTABASEx__/static/media/image/N1-U1-A1-20171107051117.jpg', ''),
(84, 'Having Fun', 'L', 64, 10101010, 1, 0, '__xRUTABASEx__/static/media/image/N1-U1-A1-20171107051154.jpg', ''),
(85, 'It takes 2…maybe more', 'L', 65, 10101010, 1, 0, '__xRUTABASEx__/static/media/image/N1-U1-A1-20171107051814.jpg', ''),
(86, 'The Same', 'L', 65, 10101010, 1, 0, '__xRUTABASEx__/static/media/image/N1-U1-A1-20171107051902.jpg', ''),
(87, 'Abilities', 'L', 65, 10101010, 1, 0, '__xRUTABASEx__/static/media/image/N1-U1-A1-20171107051947.jpg', ''),
(88, 'Last Night\'s Party', 'L', 66, 10101010, 1, 0, '__xRUTABASEx__/static/media/image/N1-U1-A1-20171107052210.jpg', ''),
(89, 'Crazy years', 'L', 66, 10101010, 1, 0, '__xRUTABASEx__/static/media/image/N1-U1-A1-20171107053124.jpg', ''),
(90, 'Habitual Past', 'L', 66, 10101010, 1, 0, '__xRUTABASEx__/static/media/image/N1-U1-A1-20171107053209.jpg', ''),
(91, 'At the supermarket', 'L', 67, 10101010, 1, 0, '__xRUTABASEx__/static/media/image/N1-U1-A1-20171107053552.jpg', ''),
(92, 'Quantities', 'L', 67, 10101010, 1, 0, '__xRUTABASEx__/static/media/image/N1-U1-A1-20171107053630.jpg', ''),
(93, 'Prices', 'L', 67, 10101010, 1, 0, '__xRUTABASEx__/static/media/image/N1-U1-A1-20171107053712.jpg', ''),
(94, 'Make a guess', 'L', 68, 10101010, 1, 0, '__xRUTABASEx__/static/media/image/N1-U1-A1-20171107054303.jpg', ''),
(95, 'Arrangements', 'L', 68, 10101010, 1, 0, '__xRUTABASEx__/static/media/image/N1-U1-A1-20171129050548.jpg', ''),
(96, 'Into the future', 'L', 68, 10101010, 1, 0, '__xRUTABASEx__/static/media/image/N1-U1-A1-20171129050936.jpg', ''),
(97, 'Invitations', 'L', 69, 10101010, 1, 0, '__xRUTABASEx__/static/media/image/N1-U1-A1-20171107055307.jpg', ''),
(98, 'Requests', 'L', 69, 10101010, 1, 0, '__xRUTABASEx__/static/media/image/N1-U1-A1-20171107055347.png', ''),
(99, 'Polite Requests', 'L', 69, 10101010, 1, 0, '__xRUTABASEx__/static/media/image/N1-U1-A1-20171107055426.png', ''),
(107, 'Doctor\'s visit', 'L', 72, 10101010, 1, 0, '__xRUTABASEx__/static/media/image/N1-U1-A1-20171108095621.jpg', ''),
(101, 'Permission', 'L', 70, 10101010, 1, 0, '__xRUTABASEx__/static/media/image/N1-U1-A1-20171108085806.jpg', ''),
(102, 'Norms', 'L', 70, 10101010, 1, 0, '__xRUTABASEx__/static/media/image/N1-U1-A1-20171108085905.jpg', ''),
(103, 'Suggestions & Advice', 'L', 70, 10101010, 1, 0, '__xRUTABASEx__/static/media/image/N1-U1-A1-20171108090003.jpg', ''),
(104, 'Do it!', 'L', 71, 10101010, 1, 0, '__xRUTABASEx__/static/media/image/N1-U1-A1-20171108091450.jpg', ''),
(105, 'Do it again!', 'L', 71, 10101010, 1, 0, '__xRUTABASEx__/static/media/image/N1-U1-A1-20171108091534.gif', ''),
(106, 'Tell me more.', 'L', 71, 10101010, 1, 0, '__xRUTABASEx__/static/media/image/N1-U1-A1-20171108091623.jpg', ''),
(114, 'World Traveler', 'U', 3, 10101011, 1, 12, '__xRUTABASEx__/static/media/image/N1-U1-A1-20171206053833.jpg', ''),
(111, 'All verb Tense', 'L', 73, 10101010, 1, 0, '__xRUTABASEx__/static/media/image/N1-U1-A1-20171108100803.jpg', ''),
(112, 'Modals', 'L', 73, 10101010, 1, 0, '__xRUTABASEx__/static/media/image/N1-U1-A1-20171108100924.jpg', ''),
(113, 'Adjectives & Adverbs', 'L', 73, 10101010, 1, 0, '__xRUTABASEx__/static/media/image/N1-U1-A1-20171108101019.jpeg', ''),
(115, 'Close to home', 'U', 3, 10101011, 1, 12, '__xRUTABASEx__/static/media/image/N1-U1-A1-20171206054134.jpg', ''),
(116, 'Tell me more', 'U', 3, 10101011, 1, 12, '__xRUTABASEx__/static/media/image/N1-U1-A1-20171206054335.jpg', ''),
(117, 'It\'s a matter of time', 'U', 3, 10101011, 1, 12, '__xRUTABASEx__/static/media/image/N1-U1-A1-20171206054552.jpg', ''),
(118, 'Innovation', 'U', 3, 10101011, 1, 12, '__xRUTABASEx__/static/media/image/N1-U1-A1-20171206054645.jpg', ''),
(119, 'Complaints', 'U', 3, 10101011, 1, 12, '__xRUTABASEx__/static/media/image/N1-U1-A1-20171206054755.jpg', ''),
(120, 'It\'s a fact', 'U', 3, 10101011, 1, 12, '__xRUTABASEx__/static/media/image/N1-U1-A1-20171206054906.jpg', ''),
(121, 'Weather conditions', 'U', 3, 10101011, 1, 12, '__xRUTABASEx__/static/media/image/N1-U1-A1-20171206055003.jpg', ''),
(122, 'Be careful what you wish for', 'U', 3, 10101011, 1, 12, '__xRUTABASEx__/static/media/image/N1-U1-A1-20171206055208.png', ''),
(123, 'You said what!', 'U', 3, 10101011, 1, 12, '__xRUTABASEx__/static/media/image/N1-U1-A1-20171206055323.jpg', ''),
(124, 'Your senses', 'U', 3, 10101011, 1, 12, '__xRUTABASEx__/static/media/image/N1-U1-A1-20171206055415.jpg', ''),
(125, 'At your leisure', 'U', 3, 10101011, 1, 12, '__xRUTABASEx__/static/media/image/N1-U1-A1-20171206055607.jpg', ''),
(126, 'To be or not to be', 'U', 3, 10101011, 1, 12, '__xRUTABASEx__/static/media/image/N1-U1-A1-20171206055701.jpg', ''),
(127, 'Optimism', 'U', 3, 10101011, 1, 12, '__xRUTABASEx__/static/media/image/N1-U1-A1-20171206055811.jpg', ''),
(128, 'Jeans', 'L', 114, 10101011, 1, 0, '__xRUTABASEx__/static/media/image/N1-U1-A1-20171206053700.jpg', ''),
(129, 'How to write a travelogue', 'L', 114, 10101011, 1, 0, '__xRUTABASEx__/static/media/image/N1-U1-A1-20171206060106.jpg', ''),
(130, 'Postcard from abroad', 'L', 114, 10101011, 1, 0, '__xRUTABASEx__/static/media/image/N1-U1-A1-20171206060208.jpg', ''),
(131, 'Dear diary', 'L', 115, 10101011, 1, 0, '__xRUTABASEx__/static/media/image/N1-U1-A1-20171206060208.jpg', ''),
(132, 'Chores around the house checklist', 'L', 115, 10101011, 1, 0, '__xRUTABASEx__/static/media/image/N1-U1-A1-20171207090218.jpg', ''),
(133, 'Could have, would have, should have', 'L', 115, 10101011, 1, 0, '__xRUTABASEx__/static/media/image/N1-U1-A1-20171207090610.jpg', ''),
(134, 'Person-Object /Description Chart', 'L', 116, 10101011, 1, 0, '__xRUTABASEx__/static/media/image/N1-U1-A1-20171207091157.jpg', ''),
(135, 'Object Chart', 'L', 116, 10101011, 1, 0, '__xRUTABASEx__/static/media/image/N1-U1-A1-20171207091757.jpg', ''),
(136, 'Why a comma?', 'L', 116, 10101011, 1, 0, '__xRUTABASEx__/static/media/image/N1-U1-A1-20171207092103.jpg', ''),
(137, 'Clocks', 'L', 117, 10101011, 1, 0, '__xRUTABASEx__/static/media/image/N1-U1-A1-20171207092257.jpg', ''),
(138, 'Headline News', 'L', 117, 10101011, 1, 0, '__xRUTABASEx__/static/media/image/N1-U1-A1-20171207092442.jpg', ''),
(139, 'There\'s a Problem // Napping', 'L', 117, 10101011, 1, 0, '__xRUTABASEx__/static/media/image/N1-U1-A1-20171207093034.jpg', ''),
(140, 'Bill Gates Quotes', 'L', 118, 10101011, 1, 0, '__xRUTABASEx__/static/media/image/N1-U1-A1-20171207094117.jpg', ''),
(141, 'Magellan', 'L', 118, 10101011, 1, 0, '__xRUTABASEx__/static/media/image/N1-U1-A1-20171207094731.jpg', ''),
(142, 'English Language', 'L', 118, 10101011, 1, 0, '__xRUTABASEx__/static/media/image/N1-U1-A1-20171207095139.jpg', ''),
(143, 'Personal Agenda Sheet', 'L', 119, 10101011, 1, 0, '__xRUTABASEx__/static/media/image/N1-U1-A1-20171207095635.jpg', ''),
(144, 'Community Newsletter', 'L', 119, 10101011, 1, 0, '__xRUTABASEx__/static/media/image/N1-U1-A1-20171207095821.png', ''),
(145, 'Product Recall Memo', 'L', 119, 10101011, 1, 0, '__xRUTABASEx__/static/media/image/N1-U1-A1-20171207100110.jpg', ''),
(146, 'Geography', 'L', 120, 10101011, 1, 0, '__xRUTABASEx__/static/media/image/N1-U1-A1-20171207100307.jpg', ''),
(147, 'Personal Preference', 'L', 120, 10101011, 1, 0, '__xRUTABASEx__/static/media/image/N1-U1-A1-20171207101119.jpg', ''),
(158, 'One- Act Play', 'L', 123, 10101011, 1, 0, '__xRUTABASEx__/static/media/image/N1-U1-A1-20171207124340.jpg', ''),
(149, 'Shopping', 'L', 120, 10101011, 1, 0, '__xRUTABASEx__/static/media/image/N1-U1-A1-20171207101329.jpg', ''),
(150, 'Weather Map', 'L', 121, 10101011, 1, 0, '__xRUTABASEx__/static/media/image/N1-U1-A1-20171207101607.jpeg', ''),
(151, 'Weather Forecast', 'L', 121, 10101011, 1, 0, '__xRUTABASEx__/static/media/image/N1-U1-A1-20171207101803.png', ''),
(152, 'Weather conditions', 'L', 121, 10101011, 1, 0, '__xRUTABASEx__/static/media/image/N1-U1-A1-20171207101956.png', ''),
(159, 'Psychologist e-mail Report Advice', 'L', 123, 10101011, 1, 0, '__xRUTABASEx__/static/media/image/N1-U1-A1-20171207124500.jpg', ''),
(154, 'Future Grocery Purchases', 'L', 122, 10101011, 1, 0, '__xRUTABASEx__/static/media/image/N1-U1-A1-20171207123737.jpg', ''),
(155, 'The Magic Lamp: The Genie & 3 Wishes', 'L', 122, 10101011, 1, 0, '__xRUTABASEx__/static/media/image/N1-U1-A1-20171207123942.jpg', ''),
(156, 'Do it together: Meeting Notes', 'L', 122, 10101011, 1, 0, '__xRUTABASEx__/static/media/image/N1-U1-A1-20171207124047.jpg', ''),
(157, 'Newsletter Story Transcript', 'L', 123, 10101011, 1, 0, '__xRUTABASEx__/static/media/image/N1-U1-A1-20171207124155.png', ''),
(160, 'Sensory Poem', 'L', 124, 10101011, 1, 0, '__xRUTABASEx__/static/media/image/N1-U1-A1-20171207124645.jpg', ''),
(161, 'Chocolate', 'L', 124, 10101011, 1, 0, '__xRUTABASEx__/static/media/image/N1-U1-A1-20171207124756.jpg', ''),
(162, 'Cloze Exercise', 'L', 124, 10101011, 1, 0, '__xRUTABASEx__/static/media/image/N1-U1-A1-20171207125027.png', ''),
(163, 'Family Recreational Activities Chart', 'L', 125, 10101011, 1, 0, '__xRUTABASEx__/static/media/image/N1-U1-A1-20171207125224.jpg', ''),
(164, 'Data Research Survey Analysis', 'L', 125, 10101011, 1, 0, '__xRUTABASEx__/static/media/image/N1-U1-A1-20171207125404.png', ''),
(165, 'In your best interest', 'L', 125, 10101011, 1, 0, '__xRUTABASEx__/static/media/image/N1-U1-A1-20171207125532.jpg', ''),
(166, 'That\'s what I like', 'L', 126, 10101011, 1, 0, '__xRUTABASEx__/static/media/image/N1-U1-A1-20171207125708.jpg', ''),
(167, 'I\'m sorry', 'L', 126, 10101011, 1, 0, '__xRUTABASEx__/static/media/image/N1-U1-A1-20171207125832.jpg', ''),
(168, 'You can\'t make me do that!', 'L', 126, 10101011, 1, 0, '__xRUTABASEx__/static/media/image/N1-U1-A1-20171207010110.jpg', ''),
(169, 'Optimism People do these 10 things every day', 'L', 127, 10101011, 1, 0, '__xRUTABASEx__/static/media/image/N1-U1-A1-20171207032127.jpg', ''),
(170, 'Magnetic personality', 'L', 127, 10101011, 1, 0, '__xRUTABASEx__/static/media/image/N1-U1-A1-20171207032945.jpg', ''),
(171, 'Animal / Simile Chart', 'L', 127, 10101011, 1, 0, '__xRUTABASEx__/static/media/image/N1-U1-A1-20171207035154.jpg', ''),
(172, 'People', 'U', 4, 10101011, 1, 12, '__xRUTABASEx__/static/media/image/N1-U1-A1-20180108090349.jpg', ''),
(173, 'Successful & Healthy', 'U', 4, 10101011, 1, 12, '__xRUTABASEx__/static/media/image/N1-U1-A1-20180108090726.jpg', ''),
(174, 'Financial Bliss', 'U', 4, 10101011, 1, 12, '__xRUTABASEx__/static/media/image/N1-U1-A1-20180108090935.png', ''),
(175, 'That\'s When It Was', 'U', 4, 10101011, 1, 12, '__xRUTABASEx__/static/media/image/N1-U1-A1-20180108091126.jpg', ''),
(176, 'In the Studio', 'U', 4, 10101011, 1, 12, '__xRUTABASEx__/static/media/image/N1-U1-A1-20180108091302.jpg', ''),
(177, 'That\'s the Difference', 'U', 4, 10101011, 1, 12, '__xRUTABASEx__/static/media/image/N1-U1-A1-20180108091528.jpg', ''),
(178, 'Appointments', 'U', 4, 10101011, 1, 12, '__xRUTABASEx__/static/media/image/N1-U1-A1-20180108092041.jpg', ''),
(179, '100 words or Less', 'U', 4, 10101011, 1, 12, '__xRUTABASEx__/static/media/image/N1-U1-A1-20180108092216.jpg', ''),
(180, 'Let Me Tell You What Happened', 'U', 4, 10101011, 1, 12, '__xRUTABASEx__/static/media/image/N1-U1-A1-20180108092359.jpg', ''),
(181, 'How to...', 'U', 4, 10101011, 1, 12, '__xRUTABASEx__/static/media/image/N1-U1-A1-20180108092559.jpg', ''),
(182, 'Let Me Persuade You', 'U', 4, 10101011, 1, 12, '__xRUTABASEx__/static/media/image/N1-U1-A1-20180108092829.jpg', ''),
(183, 'Let\'s Get it Write...  ', 'U', 4, 10101011, 1, 12, '__xRUTABASEx__/static/media/image/N1-U1-A1-20180108093042.jpg', ''),
(184, 'Job Interview', 'U', 4, 10101011, 1, 12, '__xRUTABASEx__/static/media/image/N1-U1-A1-20180108093339.jpg', ''),
(185, 'Ask the Online Experts (Q & A)', 'U', 4, 10101011, 1, 12, '__xRUTABASEx__/static/media/image/N1-U1-A1-20180108093600.jpg', ''),
(186, 'Specificity', 'L', 172, 65300999, 1, 0, '__xRUTABASEx__/static/media/image/N1-U1-A1-20180108094157.jpg', ''),
(187, 'Looking in the mirror', 'L', 172, 65300999, 1, 0, '__xRUTABASEx__/static/media/image/N1-U1-A1-20180108094334.jpg', ''),
(188, 'TEAM = Together Everyone Achieves More', 'L', 172, 65300999, 1, 0, '__xRUTABASEx__/static/media/image/N1-U1-A1-20180108094515.jpg', ''),
(205, 'To Your Health', 'L', 173, 65300999, 1, 0, '__xRUTABASEx__/static/media/image/N1-U1-A1-20180108095403.jpg', ''),
(204, 'Robot Diagnosis', 'L', 173, 65300999, 1, 0, '__xRUTABASEx__/static/media/image/N1-U1-A1-20180108094859.jpg', ''),
(203, '5 Life Skills Promising Success', 'L', 173, 65300999, 1, 0, '__xRUTABASEx__/static/media/image/N1-U1-A1-20180108094738.jpg', ''),
(239, 'Family Ties', 'U', 5, 65300999, 1, 12, '__xRUTABASEx__/static/media/image/N1-U1-A1-20180206042823.jpg', ''),
(201, '10 traits to Become a Millionaire', 'L', 174, 65300999, 1, 0, '__xRUTABASEx__/static/media/image/N1-U1-A1-20180108095747.jpg', ''),
(200, 'Saving Money  Extra Cash', 'L', 174, 65300999, 1, 0, '__xRUTABASEx__/static/media/image/N1-U1-A1-20180108095543.jpg', ''),
(238, 'Trash or Treasure?', 'U', 5, 65300999, 1, 12, '__xRUTABASEx__/static/media/image/N1-U1-A1-20180206042754.jpg', ''),
(237, 'Directly from the Source', 'U', 5, 65300999, 1, 12, '__xRUTABASEx__/static/media/image/N1-U1-A1-20180206021149.jpg', ''),
(197, 'Magnets', 'L', 175, 65300999, 1, 0, '__xRUTABASEx__/static/media/image/N1-U1-A1-20180108100149.jpg', ''),
(198, 'YKK Zippers', 'L', 175, 65300999, 1, 0, '__xRUTABASEx__/static/media/image/N1-U1-A1-20180108100342.jpg', ''),
(199, 'Artificial Intelligence Timeline', 'L', 175, 65300999, 1, 0, '__xRUTABASEx__/static/media/image/N1-U1-A1-20180108100813.jpg', ''),
(202, 'Thinking of Retirement', 'L', 174, 65300999, 1, 0, '__xRUTABASEx__/static/media/image/N1-U1-A1-20180108095930.jpg', ''),
(206, 'Urban Art x Mikhel Joala', 'L', 176, 65300999, 1, 0, '__xRUTABASEx__/static/media/image/N1-U1-A1-20180108101349.jpg', ''),
(207, 'Graphic Arts', 'L', 176, 65300999, 1, 0, '__xRUTABASEx__/static/media/image/N1-U1-A1-20180108101605.jpg', ''),
(208, 'Beauty is in the eye of the beholder...', 'L', 176, 65300999, 1, 0, '__xRUTABASEx__/static/media/image/N1-U1-A1-20180108101727.jpg', ''),
(209, 'Job Offering Sites', 'L', 177, 65300999, 1, 0, '__xRUTABASEx__/static/media/image/N1-U1-A1-20180108102008.jpg', ''),
(210, 'Traditional Education???', 'L', 177, 65300999, 1, 0, '__xRUTABASEx__/static/media/image/N1-U1-A1-20180108102126.jpg', ''),
(211, 'Cash or Credit?', 'L', 177, 65300999, 1, 0, '__xRUTABASEx__/static/media/image/N1-U1-A1-20180108102256.jpg', ''),
(212, 'Telephone Etiquette', 'L', 178, 65300999, 1, 0, '__xRUTABASEx__/static/media/image/N1-U1-A1-20180108102427.jpg', ''),
(213, 'Give me the details…', 'L', 178, 65300999, 1, 0, '__xRUTABASEx__/static/media/image/N1-U1-A1-20180108102715.jpg', ''),
(214, 'That\'s a wrap!', 'L', 178, 65300999, 1, 0, '__xRUTABASEx__/static/media/image/N1-U1-A1-20180108102845.jpg', ''),
(215, 'Follow a recipe', 'L', 179, 65300999, 1, 0, '__xRUTABASEx__/static/media/image/N1-U1-A1-20180108103022.jpg', ''),
(216, 'My heroe is...', 'L', 179, 65300999, 1, 0, '__xRUTABASEx__/static/media/image/N1-U1-A1-20180108103236.jpg', ''),
(217, 'If I had been rich, I would have…', 'L', 179, 65300999, 1, 0, '__xRUTABASEx__/static/media/image/N1-U1-A1-20180108103425.jpg', ''),
(218, 'Headlines', 'L', 180, 65300999, 1, 0, '__xRUTABASEx__/static/media/image/N1-U1-A1-20180108103707.jpg', ''),
(219, 'Front Page News', 'L', 180, 65300999, 1, 0, '__xRUTABASEx__/static/media/image/N1-U1-A1-20180108103933.jpg', ''),
(220, 'Online News', 'L', 180, 65300999, 1, 0, '__xRUTABASEx__/static/media/image/N1-U1-A1-20180108104126.jpg', ''),
(221, 'Overcome your Fears', 'L', 181, 65300999, 1, 0, '__xRUTABASEx__/static/media/image/N1-U1-A1-20180108104306.jpg', ''),
(222, 'Express Yourself  ', 'L', 181, 65300999, 1, 0, '__xRUTABASEx__/static/media/image/N1-U1-A1-20180108104633.jpg', ''),
(223, 'Do\'s & Don\'ts for a Good Presentation', 'L', 181, 65300999, 1, 0, '__xRUTABASEx__/static/media/image/N1-U1-A1-20180108104754.jpg', ''),
(224, 'Online Safety Tips', 'L', 182, 65300999, 1, 0, '__xRUTABASEx__/static/media/image/N1-U1-A1-20180108104937.jpg', ''),
(225, 'Do you have regrets? (quotes)', 'L', 182, 65300999, 1, 0, '__xRUTABASEx__/static/media/image/N1-U1-A1-20180108105155.jpg', ''),
(226, 'POV:  World Peace?', 'L', 182, 65300999, 1, 0, '__xRUTABASEx__/static/media/image/N1-U1-A1-20180108105417.jpg', ''),
(227, 'RSVP', 'L', 183, 65300999, 1, 0, '__xRUTABASEx__/static/media/image/N1-U1-A1-20180108105634.jpg', ''),
(228, 'Lost Art of Letter Writing', 'L', 183, 65300999, 1, 0, '__xRUTABASEx__/static/media/image/N1-U1-A1-20180108105823.jpg', ''),
(229, 'To Whom it May Concern', 'L', 183, 65300999, 1, 0, '__xRUTABASEx__/static/media/image/N1-U1-A1-20180108110204.jpg', ''),
(230, 'Tricks for Job Interview Confidence', 'L', 184, 65300999, 1, 0, '__xRUTABASEx__/static/media/image/N1-U1-A1-20180108110333.jpg', ''),
(231, 'Questions to Ask ', 'L', 184, 65300999, 1, 0, '__xRUTABASEx__/static/media/image/N1-U1-A1-20180108110549.jpg', ''),
(232, 'What to say/not to say ', 'L', 184, 65300999, 1, 0, '__xRUTABASEx__/static/media/image/N1-U1-A1-20180108110745.jpg', ''),
(233, 'Miss Manners ', 'L', 185, 65300999, 1, 0, '__xRUTABASEx__/static/media/image/N1-U1-A1-20180108111114.jpg', ''),
(234, 'WebMD', 'L', 185, 65300999, 1, 0, '__xRUTABASEx__/static/media/image/N1-U1-A1-20180108111321.jpg', ''),
(235, 'Travel & Tourism', 'L', 185, 65300999, 1, 0, '__xRUTABASEx__/static/media/image/N1-U1-A1-20180108112131.jpg', ''),
(240, 'Senses', 'U', 5, 65300999, 1, 12, '__xRUTABASEx__/static/media/image/N1-U1-A1-20180206042855.jpg', ''),
(241, 'Crime Solvers', 'U', 5, 65300999, 1, 12, '__xRUTABASEx__/static/media/image/N1-U1-A1-20180206042927.jpg', ''),
(242, 'Changing the Course of History', 'U', 5, 65300999, 1, 12, '__xRUTABASEx__/static/media/image/N1-U1-A1-20180206042951.jpg', ''),
(243, 'The Future of... ', 'U', 5, 65300999, 1, 12, '__xRUTABASEx__/static/media/image/N1-U1-A1-20180206043030.jpg', ''),
(244, 'Star Gazing', 'U', 5, 65300999, 1, 12, '__xRUTABASEx__/static/media/image/N1-U1-A1-20180206043134.jpg', ''),
(245, 'Saving Our Planet', 'U', 5, 65300999, 1, 12, '__xRUTABASEx__/static/media/image/N1-U1-A1-20180206043325.jpg', ''),
(246, 'Defining Yourself ', 'U', 5, 65300999, 1, 12, '__xRUTABASEx__/static/media/image/N1-U1-A1-20180206043631.jpg', ''),
(247, 'Watch What You Say or Do', 'U', 5, 65300999, 1, 12, '__xRUTABASEx__/static/media/image/N1-U1-A1-20180206045850.jpg', ''),
(248, 'Global Debate', 'U', 5, 65300999, 1, 12, '__xRUTABASEx__/static/media/image/N1-U1-A1-20180206045917.jpg', ''),
(249, 'Imagination Room', 'U', 5, 65300999, 1, 12, '__xRUTABASEx__/static/media/image/N1-U1-A1-20180206045943.jpg', ''),
(250, 'Let\'s Get Technical...', 'U', 5, 65300999, 1, 12, '__xRUTABASEx__/static/media/image/N1-U1-A1-20180206050008.jpg', ''),
(251, 'In Dictionary Form', 'L', 237, 65300999, 1, 0, '__xRUTABASEx__/static/media/image/N1-U1-A1-20180206051122.jpg', ''),
(252, 'Tips to Improve Your English', 'L', 237, 65300999, 1, 0, '__xRUTABASEx__/static/media/image/N1-U1-A1-20180206053353.jpg', ''),
(253, 'Language Learning Help   ', 'L', 237, 65300999, 1, 0, '__xRUTABASEx__/static/media/image/N1-U1-A1-20180206053422.jpg', ''),
(256, 'Hunting Antiques/Garage Sale Finds', 'L', 238, 65300999, 1, 0, '__xRUTABASEx__/static/media/image/N1-U1-A1-20180206060304.jpg', ''),
(257, 'Is it Authentic or a Forgery?    ', 'L', 238, 65300999, 1, 0, '__xRUTABASEx__/static/media/image/N1-U1-A1-20180206060413.jpg', ''),
(258, 'Collectibles', 'L', 238, 65300999, 1, 0, '__xRUTABASEx__/static/media/image/N1-U1-A1-20180206060519.jpg', ''),
(259, 'Let\'s start it off!', 'L', 239, 65300999, 1, 0, '__xRUTABASEx__/static/media/image/N1-U1-A1-20180206061531.jpg', ''),
(260, 'Give me the details…', 'L', 239, 65300999, 1, 0, '__xRUTABASEx__/static/media/image/N1-U1-A1-20180207022344.jpg', ''),
(261, 'That\'s a wrap!', 'L', 239, 65300999, 1, 0, '__xRUTABASEx__/static/media/image/N1-U1-A1-20180207022635.jpg', ''),
(262, 'The Notion of Motion', 'L', 240, 65300999, 1, 0, '__xRUTABASEx__/static/media/image/N1-U1-A1-20180207023549.jpg', ''),
(263, 'Sight Unseen', 'L', 240, 65300999, 1, 0, '__xRUTABASEx__/static/media/image/N1-U1-A1-20180207024251.jpg', ''),
(264, 'Touch', 'L', 240, 65300999, 1, 0, '__xRUTABASEx__/static/media/image/N1-U1-A1-20180207024524.jpg', ''),
(265, 'Forensics:  The Science of Crime Solving', 'L', 241, 65300999, 1, 0, '__xRUTABASEx__/static/media/image/N1-U1-A1-20180207025252.jpg', ''),
(266, 'Bank Heist ', 'L', 241, 65300999, 1, 0, '__xRUTABASEx__/static/media/image/N1-U1-A1-20180207025544.jpg', ''),
(267, '….in the News', 'L', 241, 65300999, 1, 0, '__xRUTABASEx__/static/media/image/N1-U1-A1-20180207025733.jpg', ''),
(268, '3 Roosevelts: Altruism, Perserverance, Courage', 'L', 242, 65300999, 1, 0, '__xRUTABASEx__/static/media/image/N1-U1-A1-20180207032349.jpg', ''),
(269, 'Monuments:  Mount Rushmore', 'L', 242, 65300999, 1, 0, '__xRUTABASEx__/static/media/image/N1-U1-A1-20180207032635.jpg', ''),
(270, 'Conquering Mount Everest', 'L', 242, 65300999, 1, 0, '__xRUTABASEx__/static/media/image/N1-U1-A1-20180207032826.jpg', ''),
(271, 'Banking: Online Banking', 'L', 243, 65300999, 1, 0, '__xRUTABASEx__/static/media/image/N1-U1-A1-20180207033047.jpg', ''),
(272, 'Transportation', 'L', 243, 65300999, 1, 0, '__xRUTABASEx__/static/media/image/N1-U1-A1-20180207033242.jpg', ''),
(273, 'Medicine: Annual Preventive Health Exam/Remote Diagnosis', 'L', 243, 65300999, 1, 0, '__xRUTABASEx__/static/media/image/N1-U1-A1-20180207034148.jpg', ''),
(274, 'Mysteries of the Universe', 'L', 244, 65300999, 1, 0, '__xRUTABASEx__/static/media/image/N1-U1-A1-20180207034338.jpg', ''),
(275, '8 or 9 Planets?', 'L', 244, 65300999, 1, 0, '__xRUTABASEx__/static/media/image/N1-U1-A1-20180207035435.jpg', ''),
(276, 'Orbiting the Earth ', 'L', 244, 65300999, 1, 0, '__xRUTABASEx__/static/media/image/N1-U1-A1-20180207035833.jpg', ''),
(277, 'Recycling Center', 'L', 245, 65300999, 1, 0, '__xRUTABASEx__/static/media/image/N1-U1-A1-20180207040356.jpg', ''),
(278, 'Wind Turbines', 'L', 245, 65300999, 1, 0, '__xRUTABASEx__/static/media/image/N1-U1-A1-20180207040607.jpg', ''),
(279, 'Deforestation', 'L', 245, 65300999, 1, 0, '__xRUTABASEx__/static/media/image/N1-U1-A1-20180207040818.jpg', ''),
(281, 'Personality Test', 'L', 246, 65300999, 1, 0, '__xRUTABASEx__/static/media/image/N1-U1-A1-20180207041227.jpg', ''),
(282, 'Competitive Spirit', 'L', 246, 65300999, 1, 0, '__xRUTABASEx__/static/media/image/N1-U1-A1-20180207041722.jpg', ''),
(283, 'Life Style Choices', 'L', 246, 65300999, 1, 0, '__xRUTABASEx__/static/media/image/N1-U1-A1-20180207042408.jpg', ''),
(284, 'Humor in …', 'L', 247, 65300999, 1, 0, '__xRUTABASEx__/static/media/image/N1-U1-A1-20180207042632.jpg', ''),
(285, 'Speak up', 'L', 247, 65300999, 1, 0, '__xRUTABASEx__/static/media/image/N1-U1-A1-20180207042919.jpg', ''),
(286, 'Paparazzi:  Sensationalist Point of View', 'L', 247, 65300999, 1, 0, '__xRUTABASEx__/static/media/image/N1-U1-A1-20180207043227.jpg', ''),
(287, 'Urbanism vs Ruralism', 'L', 248, 65300999, 1, 0, '__xRUTABASEx__/static/media/image/N1-U1-A1-20180207044450.jpg', ''),
(288, 'Overpopulation', 'L', 248, 65300999, 1, 0, '__xRUTABASEx__/static/media/image/N1-U1-A1-20180207044815.jpg', ''),
(289, 'Taxation', 'L', 248, 65300999, 1, 0, '__xRUTABASEx__/static/media/image/N1-U1-A1-20180207045405.jpg', ''),
(290, 'Exchanging Places', 'L', 249, 65300999, 1, 0, '__xRUTABASEx__/static/media/image/N1-U1-A1-20180207050058.jpeg', ''),
(291, 'If you can dream it, you can do it…', 'L', 249, 65300999, 1, 0, '__xRUTABASEx__/static/media/image/N1-U1-A1-20180207050757.jpg', ''),
(292, 'Motivation / TICDA: Today I Can Do Anything', 'L', 249, 65300999, 1, 0, '__xRUTABASEx__/static/media/image/N1-U1-A1-20180207051208.jpg', ''),
(293, 'Copyright', 'L', 250, 65300999, 1, 0, '__xRUTABASEx__/static/media/image/N1-U1-A1-20180207051622.jpg', ''),
(294, 'Technical Writing', 'L', 250, 65300999, 1, 0, '__xRUTABASEx__/static/media/image/N1-U1-A1-20180207052119.jpg', ''),
(295, 'Internet Hacking', 'L', 250, 65300999, 1, 0, '__xRUTABASEx__/static/media/image/N1-U1-A1-20180207052403.jpg', ''),
(296, 'menu 3', 'M', 0, 1, 1, 6, '/static/media/cursos/curso_7/20180410103819.png', 'sss'),
(602, 'Crear  Tablas', 'S', 0, 1, 1, 3, '', ''),
(601, 'Crear Celdas y Rangos de Celdas', 'S', 0, 1, 1, 2, '', ''),
(600, 'Crear y Administrar Hoja de Cálculo y Libros', 'S', 0, 1, 1, 1, '', ''),
(599, 'Entregar una Presentación', 'S', 0, 1, 1, 8, '', ''),
(598, 'Preparar una Presentación para su entrega', 'S', 0, 1, 1, 7, '', ''),
(596, 'Transiciones y Animaciones', 'S', 0, 1, 1, 5, '', ''),
(597, 'Colaborar en una Presentación', 'S', 0, 1, 1, 6, '', ''),
(594, 'Trabajando con Gráficos y Elementos Multimedia', 'S', 0, 1, 1, 3, '', ''),
(595, 'Crear gráficos y Tablas', 'S', 0, 1, 1, 4, '', ''),
(591, 'Crear y Modificar Tablas', 'S', 0, 1, 1, 7, '', ''),
(592, 'Manejar el Ambiente', 'S', 0, 1, 1, 1, '', ''),
(593, 'Crear una  Presentación con Diapositivas', 'S', 0, 1, 1, 2, '', ''),
(589, 'Buscar y Reemplazar Contenido', 'S', 0, 1, 1, 5, '', ''),
(590, 'Crear y Modificar Listas', 'S', 0, 1, 1, 6, '', ''),
(587, 'Dar Formato al Texto', 'S', 0, 1, 1, 3, '', ''),
(588, 'Insertar y Modificar Gráficos', 'S', 0, 1, 1, 4, '', ''),
(584, 'Colaboración en la red SharePoint', 'S', 0, 1, 1, 9, '', ''),
(585, 'Crear y Visualizar Documentos', 'S', 0, 1, 1, 1, '', ''),
(586, 'Insertar y Editar Textos', 'S', 0, 1, 1, 2, '', ''),
(582, 'Integración Word - Excel - Access', 'S', 0, 1, 1, 7, '', ''),
(583, 'Gestión Integrada desde OutLook', 'S', 0, 1, 1, 8, '', ''),
(579, 'Personalización con macros', 'S', 0, 1, 1, 10, '', ''),
(580, 'Integrar Access con otras aplicaciones', 'S', 0, 1, 1, 11, '', ''),
(581, 'Vinculación con presentaciones en PowerPoint', 'S', 0, 1, 1, 6, '', ''),
(577, 'Ver y organizar información', 'S', 0, 1, 1, 8, '', ''),
(578, 'Creación de informes', 'S', 0, 1, 1, 9, '', ''),
(574, 'Patrón de Diapositivas', 'S', 0, 1, 1, 12, '', ''),
(575, 'Crear y modificar consultas', 'S', 0, 1, 1, 6, '', ''),
(576, 'Crear y modificar formularios', 'S', 0, 1, 1, 7, '', ''),
(571, 'Impresión de la Presentación', 'S', 0, 1, 1, 9, '', ''),
(572, 'Impresión de Componentes', 'S', 0, 1, 1, 10, '', ''),
(573, 'Efectos de Transición', 'S', 0, 1, 1, 11, '', ''),
(570, 'Personalizar la Presentación', 'S', 0, 1, 1, 8, '', ''),
(567, 'Buscar Objetivos', 'S', 0, 1, 1, 19, '', ''),
(568, 'Botones de Acción', 'S', 0, 1, 1, 6, '', ''),
(569, 'Configuración de la Acción', 'S', 0, 1, 1, 7, '', ''),
(565, 'Tablas de una Variable y dos Variables', 'S', 0, 1, 1, 17, '', ''),
(566, 'Calcular Automaticamente Excepto Tablas', 'S', 0, 1, 1, 18, '', ''),
(563, 'Tablas Dinámicas', 'S', 0, 1, 1, 15, '', ''),
(564, 'Crear una tabla dinamica a partir de una Base de datos', 'S', 0, 1, 1, 16, '', ''),
(561, 'Uso de Filtros', 'S', 0, 1, 1, 13, '', ''),
(562, 'Subtotales', 'S', 0, 1, 1, 14, '', ''),
(559, 'Creación de Vinculos', 'S', 0, 1, 1, 11, '', ''),
(560, 'Uso de Excel como Base de Datos', 'S', 0, 1, 1, 12, '', ''),
(557, 'Tablas de Contenido', 'S', 0, 1, 1, 19, '', ''),
(558, 'Funciones de Base de Datos', 'S', 0, 1, 1, 10, '', ''),
(556, 'Sobres y Etiquetas', 'S', 0, 1, 1, 18, '', ''),
(555, 'Fusión de Documentos', 'S', 0, 1, 1, 17, '', ''),
(554, 'Inserción de Información desde otras Aplicaciones', 'S', 0, 1, 1, 16, '', ''),
(552, 'Uso de la barra de Herramientas de campo Formulario', 'S', 0, 1, 1, 14, '', ''),
(553, 'Interacción de Documentos', 'S', 0, 1, 1, 15, '', ''),
(550, 'Crear campos de casilla de verificación', 'S', 0, 1, 1, 12, '', ''),
(551, 'Crear campos de listas Desplegables', 'S', 0, 1, 1, 13, '', ''),
(548, 'Usar plantillas PreEstablecidas', 'S', 0, 1, 1, 10, '', ''),
(549, 'Campos de Texto', 'S', 0, 1, 1, 11, '', ''),
(547, 'Entrada algebraica funciones y comandos', 'S', 0, 1, 1, 5, '', ''),
(545, 'Herramientas Geogebra II', 'S', 0, 1, 1, 3, '', ''),
(546, 'Construcciones geometricas y la barra de navegacio', 'S', 0, 1, 1, 4, '', ''),
(544, 'Herramientas Geogebra I', 'S', 0, 1, 1, 2, '', ''),
(541, 'Estructura de Programacion II', 'S', 0, 1, 1, 4, '', ''),
(542, 'Mapas', 'S', 0, 1, 1, 5, '', ''),
(543, 'Introduccion a Geogebra', 'S', 0, 1, 1, 1, '', ''),
(539, 'Comandos Basicos', 'S', 0, 1, 1, 2, '', ''),
(540, 'Estructura de Programacion I', 'S', 0, 1, 1, 3, '', ''),
(537, 'Seguridad y privacidad', 'S', 0, 1, 1, 4, '', ''),
(538, 'Introduccion a Robomind', 'S', 0, 1, 1, 1, '', ''),
(536, 'Gestión de Contactos, calendarios, tareas y notas', 'S', 0, 1, 1, 3, '', ''),
(533, 'Administrar presentaciones, carpetas y comentarios', 'S', 0, 1, 1, 5, '', ''),
(534, 'Introducción y Aspectos Generales', 'S', 0, 1, 1, 1, '', ''),
(535, 'Creación y Gestión de Mensajes de Correo', 'S', 0, 1, 1, 2, '', ''),
(530, 'Insertar objetos I', 'S', 0, 1, 1, 2, '', ''),
(531, 'Insertar objetos II', 'S', 0, 1, 1, 3, '', ''),
(532, 'Temas y recursos', 'S', 0, 1, 1, 4, '', ''),
(528, 'Gráficos Vinculados de Excel en Word', 'S', 0, 1, 1, 5, '', ''),
(529, 'Introducción a Prezi', 'S', 0, 1, 1, 1, '', ''),
(525, 'Cartas Personalizadas en Word con datos Externos', 'S', 0, 1, 1, 2, '', ''),
(526, 'Creación de estadísticas y Gráficos en Excel', 'S', 0, 1, 1, 3, '', ''),
(527, 'Control de Facturas desde Excel', 'S', 0, 1, 1, 4, '', ''),
(522, 'Crear y modificar tablas', 'S', 0, 1, 1, 4, '', ''),
(523, 'Definir relaciones', 'S', 0, 1, 1, 5, '', ''),
(524, 'Vinculación e Incrustación de Objetos', 'S', 0, 1, 1, 1, '', ''),
(519, 'Definición e Interfaz de Access 2010', 'S', 0, 1, 1, 1, '', ''),
(520, 'Generar base de datos en Access 2010', 'S', 0, 1, 1, 2, '', ''),
(521, 'Usar base de datos - Formatos', 'S', 0, 1, 1, 3, '', ''),
(515, 'Presentaciones y macros', 'S', 0, 1, 1, 3, '', ''),
(516, 'Opciones de publicación', 'S', 0, 1, 1, 4, '', ''),
(517, 'Sesión 1', 'S', 0, 1, 1, 1, '', ''),
(518, 'Sesión 1', 'S', 0, 1, 1, 1, '', ''),
(513, 'Pestaña insertar, estilos y ecuaciones', 'S', 0, 1, 1, 1, '', ''),
(514, 'Datos, gráficos y configuraciones', 'S', 0, 1, 1, 2, '', ''),
(510, 'Exámenes I', 'S', 0, 1, 1, 2, '', ''),
(511, 'Exámenes II', 'S', 0, 1, 1, 3, '', ''),
(512, 'Asignar exámenes y notas', 'S', 0, 1, 1, 4, '', ''),
(508, 'Herramientas Educaplay', 'S', 0, 1, 1, 5, '', ''),
(509, 'Introducción a ThatQuiz', 'S', 0, 1, 1, 1, '', ''),
(506, 'Actividades Educaplay II', 'S', 0, 1, 1, 3, '', ''),
(507, 'Colecciones y grupos', 'S', 0, 1, 1, 4, '', ''),
(505, 'Actividades Educaplay I', 'S', 0, 1, 1, 2, '', ''),
(502, 'Construyendo una WebQuest', 'S', 0, 1, 1, 3, '', ''),
(503, 'Cazatesoros', 'S', 0, 1, 1, 4, '', ''),
(504, 'Introducción Educaplay', 'S', 0, 1, 1, 1, '', ''),
(501, 'Construyendo un MiniQuest', 'S', 0, 1, 1, 2, '', ''),
(498, 'Programando Scratch', 'S', 0, 1, 1, 4, '', ''),
(499, 'Importación y Publicación', 'S', 0, 1, 1, 5, '', ''),
(500, 'Introducción a WebQuest', 'S', 0, 1, 1, 1, '', ''),
(497, 'Agregando Interactividad', 'S', 0, 1, 1, 3, '', ''),
(495, 'Introducción a Scratch', 'S', 0, 1, 1, 1, '', ''),
(496, 'Primeros pasos con Scratch', 'S', 0, 1, 1, 2, '', ''),
(493, 'Administrar Quiz', 'S', 0, 1, 1, 3, '', ''),
(494, 'Propiedades y Publicación en HTML', 'S', 0, 1, 1, 4, '', ''),
(492, 'Insertar Preguntas y Objetos Multimedia', 'S', 0, 1, 1, 2, '', ''),
(490, 'Creación de Páginas Edilim IV', 'S', 0, 1, 1, 5, '', ''),
(491, 'Introducción a Quizfaber', 'S', 0, 1, 1, 1, '', ''),
(488, 'Creación de Páginas Edilim II', 'S', 0, 1, 1, 3, '', ''),
(489, 'Creación de Páginas Edilim III', 'S', 0, 1, 1, 4, '', ''),
(487, 'Creación de Páginas Edilim', 'S', 0, 1, 1, 2, '', ''),
(485, 'Automatización de tareas Macros', 'S', 0, 1, 1, 13, '', ''),
(486, 'Libros Interactivos Multimedia Edilim', 'S', 0, 1, 1, 1, '', '• Conocer el entorno de trabajo de Edilim.\n• Administrar archivos en Edilim.'),
(482, 'Auditoría de Formularios', 'S', 0, 1, 1, 10, '', ''),
(483, 'Personalización de Excel', 'S', 0, 1, 1, 11, '', ''),
(484, 'Versiones de Documentos', 'S', 0, 1, 1, 12, '', ''),
(479, 'Gráficos Dinámicos', 'S', 0, 1, 1, 7, '', ''),
(480, 'Colaboración con un grupo de trabajo', 'S', 0, 1, 1, 8, '', ''),
(481, 'Compartir Documentos en la red SKYDRIVE', 'S', 0, 1, 1, 9, '', ''),
(477, 'Tablas de Datos de una y dos Entradas', 'S', 0, 1, 1, 5, '', ''),
(478, 'Creación y Consolidación de tablas Dinámicas', 'S', 0, 1, 1, 6, '', ''),
(474, 'Acceso a datos externos', 'S', 0, 1, 1, 2, '', ''),
(475, 'Formularios y controles', 'S', 0, 1, 1, 3, '', ''),
(476, 'Funciones personalizadas', 'S', 0, 1, 1, 4, '', ''),
(471, 'Gestión de Datos', 'S', 0, 1, 1, 13, '', ''),
(472, 'Realización de Gráficos', 'S', 0, 1, 1, 14, '', ''),
(473, 'Consulta Avanzada', 'S', 0, 1, 1, 1, '', ''),
(469, 'Compartir Documentos en red SKYDRIVE', 'S', 0, 1, 1, 11, '', ''),
(470, 'Creación y Ejecución de Macros', 'S', 0, 1, 1, 12, '', ''),
(467, 'Personalización de Word', 'S', 0, 1, 1, 9, '', ''),
(468, 'Versiones de Word', 'S', 0, 1, 1, 10, '', ''),
(465, 'Documentos Maestros y Subdocumentos', 'S', 0, 1, 1, 7, '', ''),
(466, 'Crear y Modificar Formularios', 'S', 0, 1, 1, 8, '', ''),
(463, 'Creación de Índices', 'S', 0, 1, 1, 5, '', ''),
(464, 'Tablas de Contenido', 'S', 0, 1, 1, 6, '', ''),
(461, 'Seguridad', 'S', 0, 1, 1, 3, '', ''),
(462, 'Macros', 'S', 0, 1, 1, 4, '', ''),
(459, 'Formularios en Word 2010', 'S', 0, 1, 1, 1, '', ''),
(460, 'Documentos Maestros', 'S', 0, 1, 1, 2, '', ''),
(456, 'Actividades Educativas IV', 'S', 0, 1, 1, 4, '', ''),
(457, 'Multimedia y Publicación I', 'S', 0, 1, 1, 5, '', ''),
(458, 'Multimedia y Publicación II', 'S', 0, 1, 1, 6, '', ''),
(453, 'Ardora y Actividades Educativas I', 'S', 0, 1, 1, 1, '', ''),
(454, 'Actividades Educativas II', 'S', 0, 1, 1, 2, '', ''),
(455, 'Actividades Educativas III', 'S', 0, 1, 1, 3, '', ''),
(450, 'Configuraciones', 'S', 0, 1, 1, 3, '', ''),
(451, 'Uso de buscadores', 'S', 0, 1, 1, 4, '', ''),
(452, 'Participación en la Web', 'S', 0, 1, 1, 5, '', ''),
(447, 'Hipervínculos, Impresión y Publicación', 'S', 0, 1, 1, 5, '', ''),
(448, 'Introducción a Internet 2.0', 'S', 0, 1, 1, 1, '', ''),
(449, 'Principios de Internet 2.0', 'S', 0, 1, 1, 2, '', ''),
(444, 'Barra de herramientas y Dibujo', 'S', 0, 1, 1, 2, '', ''),
(445, 'Trabajando con Diapositivas', 'S', 0, 1, 1, 3, '', ''),
(446, 'Animaciones, Transiciones y Multimedia', 'S', 0, 1, 1, 4, '', ''),
(442, 'Macros', 'S', 0, 1, 1, 12, '', ''),
(443, 'Introducción a Power Point 2010', 'S', 0, 1, 1, 1, '', ''),
(441, 'Acciones Complementarias II', 'S', 0, 1, 1, 11, '', ''),
(439, 'Gráficos', 'S', 0, 1, 1, 9, '', ''),
(440, 'Acciones Complementarias I', 'S', 0, 1, 1, 10, '', ''),
(436, 'Funciones III', 'S', 0, 1, 1, 6, '', ''),
(437, 'Vínculos y Consolidación', 'S', 0, 1, 1, 7, '', ''),
(438, 'Tablas Dinámicas', 'S', 0, 1, 1, 8, '', ''),
(434, 'Funciones I', 'S', 0, 1, 1, 4, '', ''),
(435, 'Funciones II', 'S', 0, 1, 1, 5, '', ''),
(431, 'Introducción a Excel 2010', 'S', 0, 1, 1, 1, '', ''),
(432, 'Aplicaciones de Cuadros', 'S', 0, 1, 1, 2, '', ''),
(433, 'Tratamiento de Datos', 'S', 0, 1, 1, 3, '', ''),
(429, 'Acciones Complementarias', 'S', 0, 1, 1, 8, '', ''),
(430, 'Crear Plantillas', 'S', 0, 1, 1, 9, '', ''),
(426, 'Uso del Menu Insertar', 'S', 0, 1, 1, 5, '', ''),
(427, 'Tablas', 'S', 0, 1, 1, 6, '', ''),
(428, 'Combinar Correspondencia', 'S', 0, 1, 1, 7, '', ''),
(425, 'Aplicaciones para mejorar la Edición', 'S', 0, 1, 1, 4, '', ''),
(423, 'Visualización y Aplicaciones de Word', 'S', 0, 1, 1, 2, '', ''),
(424, 'Aplicaciones de Estetica en el Documento', 'S', 0, 1, 1, 3, '', ''),
(422, 'Introducción a Word 2010', 'S', 0, 1, 1, 1, '', ''),
(419, 'Arrancar una Aplicación', 'S', 0, 1, 1, 6, '', ''),
(420, 'Novedades en MicroSoft Office 2010', 'S', 0, 1, 1, 7, '', ''),
(421, 'Portapapeles de Office', 'S', 0, 1, 1, 8, '', ''),
(417, 'Mi PC y Explorador de Windows', 'S', 0, 1, 1, 4, '', ''),
(418, 'Instalación rápida de Microsoft Office 2010', 'S', 0, 1, 1, 5, '', ''),
(414, 'Descripción de Windows', 'S', 0, 1, 1, 1, '', ''),
(415, 'Accesos directos y Accesorios de Windows', 'S', 0, 1, 1, 2, '', ''),
(416, 'Configuraciones', 'S', 0, 1, 1, 3, '', ''),
(412, 'Creación de Gráficos', 'S', 0, 1, 1, 9, '', ''),
(413, 'Listas e Impresiones', 'S', 0, 1, 1, 10, '', ''),
(408, 'Funciones Intermedias', 'S', 0, 1, 1, 5, '', ''),
(409, 'Funciones Financieras I', 'S', 0, 1, 1, 6, '', ''),
(410, 'Funciones Financieras II', 'S', 0, 1, 1, 7, '', ''),
(411, 'Funciones Animadas', 'S', 0, 1, 1, 8, '', ''),
(405, 'Manejo de Filas y Columnas', 'S', 0, 1, 1, 2, '', ''),
(406, 'Manejo de Celdas', 'S', 0, 1, 1, 3, '', ''),
(407, 'Funciones Básicas', 'S', 0, 1, 1, 4, '', ''),
(404, 'INTRODUCCION A OPEN OFFICE CALC 3.2', 'S', 0, 1, 1, 1, '', ''),
(403, 'Utilidad de jclic player', 'S', 0, 1, 1, 8, '', 'ESTABLECER UN MANEJO Y CONTROL DE LA APLICACIÓN DEL JCLIC PLAYER, QUE PERMITA LA CONFIGURACION Y EJECUCION DE LAS ACTIVIDADES  DESARROLLADAS EN JCLIC AUTHOR.'),
(402, 'Configuracion de secuencia de actividades', 'S', 0, 1, 1, 7, '', 'ESTABLECER SUS CRITERIOS NECESARIOS PARA LA ORGANIZACIÓN DE ACTIVIDADES.'),
(401, 'Creacion de una actividad completando texto', 'S', 0, 1, 1, 6, '', 'DESARROLLAR UNA ACTIVIDAD QUE PERMITA AL USUARIO COMPLETAR FRASES.'),
(400, 'Canción de una actividad compleja', 'S', 0, 1, 1, 5, '', 'APLICAR LOS METODOS Y TECNICAS PARA LA CREACION DE UNA ACTIVIDAD COMPLEJA.'),
(398, 'Creacion de actividades', 'S', 0, 1, 1, 3, '', 'CONOCER Y UTILIZAR LOS ELELMENTOS NECESARIOS QUE PERMTAN LA CREACION DE UNA ACTIVIDAD SIMPPLE.'),
(399, 'Creacion de una actividad sopa de letras', 'S', 0, 1, 1, 4, '', 'CONOCER LOS ELEMENTOS Y HERRAMIENTAS QUE PERMITAN LA CREACION DE UNA ACTIVIDAD DE TIPO SOPA DE LETRAS.'),
(396, 'Introduccion a Jclic 0.2.0.5', 'S', 0, 1, 1, 1, '', 'ESTABLECER UN RECONOCIMIENTO DE LOS ELEMENTOS BÁSICOS DEL ENTORNO DEL JCLIC.'),
(397, 'Creacion de proyectos', 'S', 0, 1, 1, 2, '', 'CONOCER Y UTILIZAR LAS HERRAMIENTAS QUE PERMITAN LA CREACION DE PROYECTOS EN JCLIC AUTHOR.'),
(394, 'Grabación de Audio y Video', 'S', 0, 1, 1, 4, '', 'UTILIZAR LAS HERRAMIENTAS NECESARIAS PARA ASIGNAR ARCHIVOS DE AUDIO Y VIDEO EN UNA PÁGINA DE ONENOTE 2007.'),
(395, 'Administración e impresión de notas', 'S', 0, 1, 1, 5, '', 'ESTABLECER CONFIGURACIONES DE CONSERVACIÓN PARA EL BUEN MANTENIMIENTO DE NOTAS\nCONOCER Y UTILIZAR LOS DIVERSOS MEDIOS DE DISTRIBUCIÓN.'),
(393, 'Insertar notas, imágenes y objetos', 'S', 0, 1, 1, 3, '', 'REALIZAR LA EDICIÓN DE TEXTO Y APLICAR DIVERSOS FORMATOS QUE PERMITAN LA ESCRITURA DE DATOS.\nINSERTAR OBJETOS QUE GRAFIQUEN LAS NOTAS INGRESADAS EN EL BLOG ASI COMO ESTABLECER UN ACCESO A ELEMENTOS EXTERNOS.'),
(392, 'Creacion y manejo de un bloc de notas', 'S', 0, 1, 1, 2, '', 'CREAR UN BLOC DE NOTAS MEDIANTE EL ASISTENTE DE ONENOTE.\nREALIZAR LA ADMINISTRACIÓN EFICAZ DE LOS ELEMENTOS QUE INTEGRAN UN BLOC DE NOTAS.'),
(391, 'Introduccion a microsoft onenote 2007', 'S', 0, 1, 1, 1, '', 'LOGRAR EL ACCESO A ONENOTE 2007 Y ESTABLECER UN RECONOCIMIENTO BÁSICO DE SU ENTORNO, ASI COMO COMPRENDER LA ESTRUCTURA FUNCIONAL DE LA APLICACIÓN.'),
(390, 'Publicación de Formularios', 'S', 0, 1, 1, 6, '', 'GENERAR Y DISTRIBUIR FORMULARIOS DE DATOS MEDIANTE UN ENTORNO DE RED'),
(389, 'Elementos Extensibles y Asignación de Formulas', 'S', 0, 1, 1, 5, '', 'CONOCER Y UTILIZAR LOS MÉTODOS Y PROPIEDADES  PARA EL DISEÑO DE ELEMENTOS  EXTENSIBLES.\nAPLICAR FUNCIONES A CAMPOs EXTENSIBLES, PARA LA REALIZACIÓN DE PROCESOS EN UN FORMULARIO'),
(387, 'Vinculación de Datos', 'S', 0, 1, 1, 3, '', 'MEJORAR Y REFINAR EL DISEÑO DEL FORMULARIO, ESTABLECIENDO LOS FORMATOS DISPONIBLES DE VALIDACIÓN.'),
(388, 'Controles y Datos', 'S', 0, 1, 1, 4, '', 'ESTABLECER ENLACES Y VINCULOS DE DATOS  EXTERNOS A CONTROLES DE UN FORMULARIO, ASÍ COMO LOGRAR  UNA  PRUEBA DEL FORMULARIO MEDIANTE VISTA PREVIA.'),
(386, 'Diseño de Formularios', 'S', 0, 1, 1, 2, '', 'INICIAR LA CREACIÓN DE UN FORMULARIO UTILIZANDO LA HERRAMIENTA DE DISEÑO\nCONOCER Y UTILIZAR LOS CONTROLES MÁS COMUNES PARA EL DISEÑO.\n'),
(385, 'Introduccion a InfoPath 2007', 'S', 0, 1, 1, 1, '', 'COMPRENDER LA NATURALEZA DE LA APLICACIÓN DE INFOPATH 2007 Y ESTABLECER UN RECONOCIMIENTO DE SU ENTORNO IDENTIFICANDO SUS COMPONENTES BÁSICOS.'),
(384, 'Impresión y Distribución de Archivos', 'S', 0, 1, 1, 7, '', 'COMPRENDER Y APLICAR LAS DISTINTAS FORMAS DE SALIDA Y VISUALIZACIÓN DE LOS  ARCHIVOS GENERADOS EN MICROSOFT VISIO 2007. '),
(383, 'Diagramas de Flujo de Funciones Cruzadas', 'S', 0, 1, 1, 6, '', 'UTILIZAR LAS HERRAMIENTAS DE GRAFICO DE FLUJO DE FUNCIONES CRUZADAS, PARA REPRESENTAR PROCESOS Y ACTIVIDADES DE LAS AREAS DE UNA EMPRESA'),
(382, 'Creación de Diagra mas de Red', 'S', 0, 1, 1, 5, '', 'APRENDER A UTILIZAR LOS ELEMENTOS NECESARIOS PARA LA CREACIÓN DE DIAGRAMAS DE RED.\nESTABLECER VÍNCULOS DE DATOS EXTERNOS HACIA LAS FORMAS DE UN DIAGRAMA DE RED.\n'),
(381, 'Diagramas Dinamicos', 'S', 0, 1, 1, 4, '', 'Realizar la creación de diagramas en visio 2007,  estableciendo enlaces externos  con Microsoft office Excel 2007'),
(380, 'Creacion de Organigramas ', 'S', 0, 1, 1, 3, '', 'CONOCER Y UTILIZAR LAS HERRAMIENTAS NECESARIAS PARA CREAR, DISEÑAR Y ESTABLECER ENLACES EN LA CREACIÓN DE ORGANIGRAMAS.'),
(379, 'Creación de un Diagrama de Flujo Basico', 'S', 0, 1, 1, 2, '', 'INICIAR EL DESARROLLO DE UN DIAGRAMA DE FLUJO Y LOGRAR EL RECONOCIMIENTO Y UTILIZACIÓN DE SUS ELEMENTOS BÁSICOS.'),
(378, 'Introduccion a Microsoft Visio 2007', 'S', 0, 1, 1, 1, '', 'LOGRAR UN ACCESO A VISIO 2007 Y ESTABLECER UN RECONOCIMIENTO Y MANEJO  BÁSICO DE LOS ELEMENTOS DE SU ENTORNO'),
(377, 'Publicaciones Web', 'S', 0, 1, 1, 8, '', 'CONOCER Y UTILIZAR LAS HERRAMEINTAS DE DISEÑO WEB EN PUBLISHER 2007'),
(376, 'Impresiones', 'S', 0, 1, 1, 7, '', 'ESTABLECER DIVERSAS CARACTERISTICAS DE IMPRESIÓN A UNA PUBLICACION PUBLISHER '),
(375, 'Alamacenamiento y distribución de Archivos', 'S', 0, 1, 1, 6, '', 'CONOCER LAS DISTINTAS FORMA DE GUARDAR UN ARCHIVO EN PUBLISHER 2007'),
(374, 'Diseño de Tablas', 'S', 0, 1, 1, 5, '', 'APRENDER A UTILIZAR LAS HERRAMEINTAS QUE PERMITAN DISEÑAR DIVERSOS TIPOS DE TABLAS EN UNA PUBLICACION.');
INSERT INTO `niveles` (`idnivel`, `nombre`, `tipo`, `idpadre`, `idpersonal`, `estado`, `orden`, `imagen`, `descripcion`) VALUES
(373, 'Manejo de Imágenes y Objetivos', 'S', 0, 1, 1, 4, '', 'INSERTAR DIVERSOS TIPOS DE IMÁGENES  A UNA PUBLICACION\nESTABLECER DISTINTAS PROPIEDADES A OBJETOS DE DISEÑO'),
(372, 'Formato de Texto, Colores y Autoformas', 'S', 0, 1, 1, 3, '', 'CONOCER Y UTILIZAR LAS HERRAMIENTAS DE TEXTO, COLORES Y AUTOFORMAS\nREFINAR UNA PRESENTACION  MEDIANTE FORMATOS PERSONALIZADOS'),
(371, 'Configurar Página', 'S', 0, 1, 1, 2, '', 'ASIGNAR DIVERSAS PROPIEDADES Y FORMATOS A UNA HOJA DE TRABAJO EN PUBLISHER 2007'),
(370, 'Introdución a Publisher 2007', 'S', 0, 1, 1, 1, '', 'LOGRAR UN ACCESO A PUBLISHER 2007 Y ESTABLECER UN RECONOCIMEINTO BASICO DE LOS ELEMENTOS DEL ENTORNO'),
(369, 'Impresiones', 'S', 0, 1, 1, 7, '', 'ESTABLECER LAS DIVERSAS  OPCIONES DE SALIDA DE UN CMAP.'),
(368, 'Ubicando un Cmap en un sitio Web', 'S', 0, 1, 1, 6, '', 'LOGRAR UBICAR UN CMAP A NIVEL WEB Y ESTABLECER PERMISOS DE ACCESO.'),
(367, 'Flechas, Nodos Anidados y Asociaciones', 'S', 0, 1, 1, 5, '', 'APLICAR ELEMETOS DE DISEÑO DE MAPAS PARA ESTABLECER RELACIONES.'),
(366, 'Asignación de colores y formato de fuentes', 'S', 0, 1, 1, 4, '', 'UTILIZAR LA PALETA DE COLORES PARA ASIGNAR NUEVOS COLORES A LOS ELEMENTOS DE UN CMAP.\nAPLICAR DIVERSAS PROPIEDADES DE TEXTO UTILIZANDO LA VENTANA ESTILOS.'),
(365, 'Manejo de recursos y Enlaces', 'S', 0, 1, 1, 3, '', 'CONOCER LOS Y UTILIZAR RECURSOS EN UN MAPA.\nREFINAR UN CMAP MEDIANTE LA IMPLEMENTACION DE RECURSOS.\nESTABLECER DIVERSOS DISEÑOS DE ENLACES A RECURSOS.'),
(364, 'Manejo de Mapas Conceptuales', 'S', 0, 1, 1, 2, '', 'CONOCER LOS LOS ELEMENTOS QUE INTEGRAN UN CMAP.\nINICIAR  EL DESARROLLO DE UN CMAP ASI COMO SU POSTERIOR ALMACENAMIENTO EN UNA CARPTA DE TRABAJO.'),
(363, 'Introducción a Cmap Tools', 'S', 0, 1, 1, 1, '', 'CONOCER LOS CONCEPTOS BÁSICOS QUE PERMITAN DEFINIR UN MAPA CONCEPTUAL.\nLOGRAR EL ACCESO A LA APLICACIÓN DE CMAP TOOLS Y ESTABLCER UN RECONOCIMIENTO BASICO DE SU ENTORNO.'),
(362, 'Exportar e Importar Mapas Mentales', 'S', 0, 1, 1, 6, '', 'APRENDER A UTILIZAR LAS OPERACIONES AVANZADAS QUE PERMITAN LA IMPORTACION Y EXPORTACION DE LOS MAPAS.'),
(361, 'Multiples Operaciones', 'S', 0, 1, 1, 5, '', 'CONOCER Y DESARROLLAR MULTIPLES OPERACIONES DE FREEMIND, QUE PERMITEN REDUCIR AL MINIMO SU TRABAJO.'),
(360, 'Personalizando Mapas', 'S', 0, 1, 1, 4, '', 'APLICAR DIVERSOS FORMATOS QUE PERMITAN MEJORAR LA APARIENCIA Y UTILIDAD DE UN MAPA.'),
(359, 'Formatos y Estilos', 'S', 0, 1, 1, 3, '', 'APLICAR DIVERSOS FORMATOS A NODOS.\nREALIZAR  EL MANEJO DE OBJETOS.'),
(358, 'Elementos Básicos de Freemind', 'S', 0, 1, 1, 2, '', 'ESTABLECER UN RECONOCIMIENTO BÁSICO DE LOS ELEMENTOS DEL ENTORNO.\nREALIZAR  LA CREACION DE MAPAS Y NODOS.'),
(357, 'Introducción a Freemind 0.9.0', 'S', 0, 1, 1, 1, '', 'LOGRAR UN ACCESO A FREEMIND Y UN CONOCIMIENTO BASICO SOBRE LA INSTACION.'),
(356, 'Informes', 'S', 0, 1, 1, 7, '', 'CONOCER LOS DIVEROS TIPOS DE  INFOMES EN MICROSOFT PROJECT.\nGENERAR INFORMES Y UTILIZAR LAS HERRAMIENTAS DE VISUALIZACION.'),
(355, 'Planeamiento de costos de los recursos y tareas', 'S', 0, 1, 1, 6, '', 'DEFINIR Y APLICAR COSTOS.\nMODIFCAR ASIGNACIONES DE RECURSOS.\nANALIZAR Y PLANIFICAR LOS COSTOS FIJOS DE TAREAS.'),
(354, 'Rutas y tareas críticas', 'S', 0, 1, 1, 5, '', 'RECONOCER UNA TAREA CRITICA.\nCAMBIAR LA DEFINICION DE UNA TAREA CRITICA.\nAPLICAR INFORMES DE VISUALIZACION DE TAREAS CRITICAS.'),
(353, 'Gestión de Programación de recursos', 'S', 0, 1, 1, 4, '', 'Asignar los elementos complementarios al proyecto base.\nNormalizar el desarrollo de tareas asignadas.'),
(352, 'Utilización del calendario.', 'S', 0, 1, 1, 3, '', 'Establecer la programación de un proyecto.\nConocer y aplicar los criterios fundamentales para la asignación de tareas.\nDefinir la creación de esquema.'),
(351, 'Manejo de Tareas', 'S', 0, 1, 1, 2, '', 'Establecer la Programación de un proyecto.\nConocer y aplicar los criterios fundamentales para la asignación de tareas.\nDefinir la creación de un esquema.'),
(350, 'Introducción a Microsoft Proyect 2007', 'S', 0, 1, 1, 1, '', 'Indentificar los elementos del entorno de trabajo.\nEstablecer configuraciones básicas para la creación de proyectos.\nIniciar un sesión de trabajo.'),
(349, 'Macros', 'S', 0, 1, 1, 5, '', 'Automatizar tareas utilizando macros.'),
(348, 'Administrar Documento', 'S', 0, 1, 1, 4, '', 'Usar comentario en el Documento.\nUtilizar la herramienta de auto corrección, autotexto y autoformato.\nCrear y editar estilos y plantillas.'),
(347, 'Ortografía, grámatica y sinónimos ', 'S', 0, 1, 1, 3, '', 'Utilizar los diccionarios personalizados.'),
(346, 'Personalización del entorno de trabajo', 'S', 0, 1, 1, 2, '', 'Configurar Microsoft Word a nuestras necesidades.'),
(345, 'Repaso de Word Inicial', 'S', 0, 1, 1, 1, '', 'Repasar temas de Word Inicial.\nUsar la herramienta de autocorrección.\nUtilizar hipervínculos y marcadores.'),
(344, 'Tablas Dinamicas', 'S', 0, 1, 1, 6, '', 'Generar Matrices de datos consolidados, con la herramienta tabla dinámica.'),
(343, 'Base de Datos Subtotales', 'S', 0, 1, 1, 5, '', 'Agrupar registros  de Datos y Esquemas'),
(342, 'Base de Datos: Ordenación y filtros.', 'S', 0, 1, 1, 4, '', 'Ordenar registros de una lista de datos.\nFiltrar registros que cumplen una determinada condición.'),
(341, 'Trabajando con fórmulas animadas', 'S', 0, 1, 1, 3, '', 'Utilizar fórmulas animadas, para generar fórmulas más elaboradas.'),
(340, 'Trabajando con funciones avanzadas', 'S', 0, 1, 1, 2, '', 'Utilizar la función condicional si.\nUtilizar las funciones de búsqueda buscarV, buscarH'),
(339, 'Trabajando con Múltiples hojas', 'S', 0, 1, 1, 1, '', 'Desarrollar aplicaciones que utilicen múltiples hojas de cálculo'),
(338, 'Publicación de Archivos.', 'S', 0, 1, 1, 11, '', 'Aprenderemos a publicar archivos flash y a conocer elementos básicos de diseño web.'),
(337, 'Sonido y Audio', 'S', 0, 1, 1, 10, '', 'Aprenderemos a crear,reproducir sonidos e insertar videos en tus aplicaciones.'),
(336, 'Introducción a Action Script', 'S', 0, 1, 1, 9, '', 'Aprenderemos conceptos básicos de Action Scriptsus eventos y funcionescomo utilizarlos y relacionarloscon los simbolos y botón'),
(335, 'Animaciones III', 'S', 0, 1, 1, 8, '', 'Aprederemos a realizar animaciones de tipo foco llamadas máscaras y a crear botones con animaciones simples en sus estados.'),
(334, 'Animaciones II', 'S', 0, 1, 1, 7, '', 'Aprenderemos a relaizar animaciones a través de trayectos dibujados por el usuario (guía de movimiento) y a realizar animaciones de tipos transformaciones de objetos (formas).'),
(333, 'Animaciones I', 'S', 0, 1, 1, 6, '', 'Aprederemos a realizar animaciones del tipo fotograma a fotograma (animaciones paso a paso) y animaciones por interpolación de movimiento (animaciones lineales).'),
(332, 'Introducción a la Animación', 'S', 0, 1, 1, 5, '', 'Una Animación es una sucesión de dibujos y figuras en el tiempo, de tal manera que se simula el movimiento de estos objetos. en esta lección aprenderemos los principios de la animacion de Flash.'),
(331, 'Trabajando con Textos', 'S', 0, 1, 1, 4, '', 'En esta Sesión aprenderá usar la herramienta texto.administrar sus diferentes tipos, a separar texto en formasy crear vinculos a correos electronicos, páginas webs y demas'),
(330, 'Trabajo con Objetos', 'S', 0, 1, 1, 3, '', 'En esta Sesión aprenderá a seleccionar objetos, agruparlos y ordenarlos asi como transformarlos de manera adecuada.'),
(329, 'Dibujando Pintando', 'S', 0, 1, 1, 2, '', 'En esta sesión aprenderá a utilizar las herramientas de dibujo de flash, usar y modificar sus atributos, deformar los objetos creados y demas'),
(328, 'Introducción a Macromedia Flash 8', 'S', 0, 1, 1, 1, '', 'En esta sesión aprenderá a configurar el espacio de trabajo de Flash 8, reconocer los elementos de la pantalla principal y herramientas que usará durante todo el desarrollo del curso.'),
(327, 'Microsoft Outlook 2007', 'S', 0, 1, 1, 3, '', 'Manejar el correo electrónico Microsoft Outlook 2007'),
(325, 'Introducción a Internet Explorer', 'S', 0, 1, 1, 1, '', 'Navegar por el WW\nBuscar información en el Web\nUtilizar un correo electrónico público.'),
(326, 'Uso de buscadores', 'S', 0, 1, 1, 2, '', 'Navegar por el WW\nBuscar información en el Web\nUtilizar un correo electrónico público.'),
(324, 'Base de datos', 'S', 0, 1, 1, 7, '', 'Administrar una base de datos con Microsoft Excel\nCrear tablas dinámicas\nCrear tablas de datos consolidadas'),
(323, 'Gráficos', 'S', 0, 1, 1, 6, '', 'Crear, modificar y personalizar gráficos con Microsoft Excel.'),
(321, 'Manejo de fórmulas', 'S', 0, 1, 1, 4, '', 'Aprender a utilizar las fórmulas básicas disponibles en Microsoft Excel en forma correcta.'),
(322, 'Impresión', 'S', 0, 1, 1, 5, '', 'Enseñar a administrar la impresora desde Microsoft Excel.'),
(320, 'Formato de las celdas', 'S', 0, 1, 1, 3, '', 'Aprender a diseñar y aplicar formato a las celdas de un libro'),
(319, 'Operaciones básicas con las celdas', 'S', 0, 1, 1, 2, '', 'Manipular las celdas para realizar operaciones básicas como: copiar, mover, insertar, etc.'),
(316, 'Efectos de animación multimedia I', 'S', 0, 1, 1, 4, '', 'Agregar elementos multimedia a su presentación'),
(317, 'Efectos de animación multimedia II', 'S', 0, 1, 1, 5, '', 'Aplicar formato a los objetos\nInsertar video y sonido'),
(318, 'Introducción a Microsoft Excel 2007', 'S', 0, 1, 1, 1, '', 'Efectos de animación\nCrear una presentación en pantalla'),
(314, 'Trabajando con diapositivas', 'S', 0, 1, 1, 2, '', 'Manejar las diapositivas\nAplicar diseño y fondo a la diapositiva'),
(315, 'Manejo de objetos', 'S', 0, 1, 1, 3, '', 'Manejar imágenes\nManejar formas'),
(313, 'Introducción a Power Point 2007', 'S', 0, 1, 1, 1, '', 'Conocer el entorno de trabajo\nUtilizar los modos de visualización y creación de presentaciones'),
(312, 'Combinar correspondencia', 'S', 0, 1, 1, 8, '', 'Aprender el proceso de la combinación de correspondencia'),
(310, 'Columnas y Tablas', 'S', 0, 1, 1, 6, '', 'Diseñar columnas de texto\nDiseñar tablas de texto y aplicar formato de presentación\nInserción de imágenes'),
(311, 'Diseño de Encabezado y pie de página', 'S', 0, 1, 1, 7, '', 'Crear secciones\nDiseñar encabezados y pie de página\nCrear estilos'),
(309, 'Bordes y Sombreados', 'S', 0, 1, 1, 5, '', 'Dar a conocer las técnicas para establecer formato a párrafos\nAplicar bordes y sombreado, numeración y viñetas\ncomplementando con el manejo de tabulaciones.'),
(308, 'Formato de Texto y Parráfo', 'S', 0, 1, 1, 4, '', 'Conocer cómo aplicar los formatos de texto y párrafo'),
(307, 'Corrección de Documentos', 'S', 0, 1, 1, 3, '', 'Conocer la correcta utilización de las herramientas de búsqueda y reemplazo de texto, ortografía, sinónimos y la división de palabras.'),
(306, 'Escritura y Edición de Texto', 'S', 0, 1, 1, 2, '', 'Dar a conocer las técnicas de escritura y edición de texto\n\nRealizar las operaciones básicas con texto: Copiar, mover, eliminar'),
(305, 'Introducción a Microsoft Word', 'S', 0, 1, 1, 1, '', 'Conocer el entorno de trabajo de Microsoft Word\nRealizar las operaciones básicas con archivos'),
(304, 'Reproductor de Windows Multimedia', 'S', 0, 1, 1, 6, '', 'Conocer y utilizar de windows media para la ejecución de archivos multimedias, asi mismo genera una lista de producción mediante la selección de archivos.'),
(303, 'Mantenimiento del Sistema', 'S', 0, 1, 1, 5, '', 'Conocer y aplicar los métodos necesarios, para realizar una buena conservación del equipo.'),
(302, 'Panel de Control', 'S', 0, 1, 1, 4, '', 'Conocer los conceptos básicos de configuración de los elementos principales del equipo.\nConocer y asignar diversos modos de configuración.'),
(301, 'Recurso de Carpetas', 'S', 0, 1, 1, 3, '', 'Establecer criterios lógicos para la utilización de carpetas y archivos.\n\nAsi como su localización y acceso atreves de distintos niveles.'),
(300, 'Manejo de Archivos', 'S', 0, 1, 1, 2, '', 'Establecer los métodos necesario para organizar y manejar los elementos de una unidad de almacenamiento de datos.'),
(299, 'Descripción de Windows', 'S', 0, 1, 1, 1, '', 'Conocer e identificar los elementos que conforman el entorno de trabajo de Windows Vista.\n\nAsí como poner en funcionamiento los procesos básicos de trabajo.'),
(298, 'Sistemas de Computación Software', 'S', 0, 1, 1, 2, '', 'Conocer la utilidad de los diferentes software que existen en el mercado'),
(297, 'Sistemas de Computación Hardware', 'S', 0, 1, 1, 1, '', 'Reconocer los componentes de hardware de un\ncomputador'),
(603, 'Aplicar  Fórmulas  y  Funciones', 'S', 0, 1, 1, 4, '', ''),
(604, 'Crear Cuadros y Objetos', 'S', 0, 1, 1, 5, '', ''),
(605, 'Gestión de Base de Datos', 'S', 0, 1, 1, 1, '', ''),
(606, 'Crear Tablas', 'S', 0, 1, 1, 2, '', ''),
(607, 'Crear Formularios', 'S', 0, 1, 1, 3, '', ''),
(608, 'Crear y Manejar Preguntas', 'S', 0, 1, 1, 4, '', ''),
(609, 'Diseñar Reportes', 'S', 0, 1, 1, 5, '', ''),
(610, 'Definición de los Requisitos de los Proyectos', 'S', 0, 1, 1, 1, '', ''),
(611, 'Identificación de los Elementos de Diseño al Preparar Diseño de Páginas', 'S', 0, 1, 1, 2, '', ''),
(612, 'Comprensión de la Interfaz', 'S', 0, 1, 1, 3, '', ''),
(613, 'Creación de Diseño de Página', 'S', 0, 1, 1, 4, '', ''),
(614, 'Publicación, Exportación y Archivado de Diseño de Página', 'S', 0, 1, 1, 5, '', ''),
(615, 'Definición de los Requisitos de los Proyectos', 'S', 0, 1, 1, 1, '', ''),
(616, 'Comprensión de la Interfaz', 'S', 0, 1, 1, 2, '', ''),
(617, 'Identificación de los Elementos de Diseño para Preparar Imagenes', 'S', 0, 1, 1, 3, '', ''),
(618, 'Manipulación de Imágenes', 'S', 0, 1, 1, 4, '', ''),
(619, 'Publicacion de Imágenes Digitales', 'S', 0, 1, 1, 5, '', ''),
(620, 'Definición de los Requisitos de los Proyectos', 'S', 0, 1, 1, 1, '', ''),
(621, 'Identificar los Elementos del Diseño', 'S', 0, 1, 1, 2, '', ''),
(622, 'Comprensión de la Interfaz', 'S', 0, 1, 1, 3, '', ''),
(623, 'Edición de una Secuencia de Video', 'S', 0, 1, 1, 4, '', ''),
(624, 'Exportación de Video', 'S', 0, 1, 1, 5, '', ''),
(625, 'Definición de los Requisitos del Proyecto', 'S', 0, 1, 1, 1, '', ''),
(626, 'Identificación de los Elementos de Diseño', 'S', 0, 1, 1, 2, '', ''),
(627, 'Compresión de la Interfaz', 'S', 0, 1, 1, 3, '', ''),
(628, 'Creación de Diseños de Página', 'S', 0, 1, 1, 4, '', ''),
(629, 'Publicación, Exportación y Archivado de Diseños de Página', 'S', 0, 1, 1, 5, '', ''),
(630, 'Introducción a Windows 8.1', 'S', 0, 1, 1, 1, '', ''),
(631, 'Conociendo a Windows', 'S', 0, 1, 1, 2, '', ''),
(632, 'Acceso directo y Explorador de Windows', 'S', 0, 1, 1, 3, '', ''),
(633, 'Configuraciones', 'S', 0, 1, 1, 4, '', ''),
(634, 'Sistemas de Computación Hardware', 'S', 0, 1, 1, 1, '', ''),
(635, 'Sistemas de Computación Software', 'S', 0, 1, 1, 2, '', ''),
(636, 'Definición, Instalación y Entorno de Trabajo', 'S', 0, 1, 1, 1, '', 'Conocer las características del programa y el entorno de trabajo de XMind'),
(637, 'Funciones básicas y uso de las propiedades', 'S', 0, 1, 1, 2, '', 'Describir las funcionalidades básicas del programa XMind'),
(638, 'Insertar imágenes, relaciones y links', 'S', 0, 1, 1, 3, '', 'Describir la funcionalidad del programa al insertar recursos'),
(639, 'Tipos, Estilos y Propiedades de Diagramas', 'S', 0, 1, 1, 4, '', '- Describir los tipos de diagramas\n- Describir las propiedades y los estilos de los diagramas'),
(640, 'Resumen, temas y exportación', 'S', 0, 1, 1, 5, '', '- Describir los estilos de resumen del mapa\n- Aprender a insertar temas y exportar el mapa'),
(641, 'Instalación y Entorno de Trabajo', 'S', 0, 1, 1, 1, '', '- Conocer las características y el entorno de trabajo del programa'),
(642, 'Estructura de trabajo de Exelearning', 'S', 0, 1, 1, 2, '', 'Conocer las herramientas disponibles que ofrece el programa'),
(643, 'Editor de iDevices y Gestor de Estilos', 'S', 0, 1, 1, 3, '', '- Conocer las  posiblidades que nos ofrece la creación de nuevos iDevices\n- Conocer las preferencias adicionales que maneja el programa'),
(644, 'Estilos y Propiedades de Exelearning', 'S', 0, 1, 1, 4, '', '- Conocer los estilos y propiedades que ofrece el programa'),
(645, 'Guardar, exportar y fusionar', 'S', 0, 1, 1, 5, '', 'Conocer sobre las distintas alternativas de exportación y la combinación de los recursos didácticos'),
(646, 'Partes de una computadora', 'S', 0, 1, 1, 1, '', '- Introducción a Mantenimiento\n- Conocer las partes principales de un computador'),
(647, 'Armado de una computadora y la BIOS', 'S', 0, 1, 1, 2, '', '- Orientar a la práctica del armado y desarmado de un computador\n- Conocer las características y el funcionamiento de la BIOS'),
(648, 'Sistemas Operativos e Instalación', 'S', 0, 1, 1, 3, '', '- Tener conocimiento sobre los diferentes sistemas operativos existentes\n- Aplicar la instalación de las principales versiones de Windows'),
(649, 'Actualización y Herramientas de Diagnóstico', 'S', 0, 1, 1, 4, '', '- Tener conocimiento de los ajustes y controles que se le puede brindar al sistema operativo.\n- Conocer las herramientas de diagnóstico de Windows.'),
(650, 'Virus Informáticos e Introducción a Redes', 'S', 0, 1, 1, 5, '', '- Conocer las aplicaciones que puedan optimizar nuestro sistema operativo.\n- Conocer las distintas amenazas que se esparcen en nuestro ordenador.\n- Compartir archivos y periféricos a través de una red local.'),
(651, 'Uso y manejo de botones de acción', 'S', 0, 1, 1, 1, '', '- APRENDER A UTILIZAR BOTONES DE ACCIÓN PARA EJECUTAR DIFERENTES TIPOS DE TAREAS\n- APRENDER A CONFIGURAR CORRECTAMENTE LA TAREA DE CADA BOTÓN DE ACCIÓN'),
(652, 'Macros', 'S', 0, 1, 1, 2, '', '- Aprender a utilizar macros\n- Programar una macro'),
(653, 'Colaborar en una presentación', 'S', 0, 1, 1, 3, '', '- Aprender a guardar archivos y presentaciones en Skydrive\n- Invitar amigos para compartir presentaciones'),
(654, 'Preparar una presentación para su entrega', 'S', 0, 1, 1, 4, '', '- Aprender a preparar una presentación correctamente para su entrega\n- Aprender a empaquetar una presentación para CD-ROM'),
(655, 'Opciones de publicación e impresión', 'S', 0, 1, 1, 5, '', '- Aprender a publicar una presentación\n- Aprender a publicar en línea\n- Aprender a publicar en redes sociales\n- Aprender a imprimir correctamente nuestra presentación'),
(656, 'Consultas Avanzadas', 'S', 0, 1, 1, 1, '', '- Aprender a usar las funcioens BuscarV, BuscarH, Si y esError'),
(657, 'Acceso a Datos Externos', 'S', 0, 1, 1, 2, '', '- Aprender a acceder a distintos datos de Access, de una página web, archivo de texto y otras conexiones existentes'),
(658, 'Formularios y Cotroles', 'S', 0, 1, 1, 3, '', '- Aprender a trabajar con formularios y controles'),
(659, 'Funciones Personalizadas', 'S', 0, 1, 1, 4, '', '- Aprender a crear funciones personalizadas'),
(660, 'Creación de una tabla dinámica', 'S', 0, 1, 1, 1, '', ''),
(661, 'Filtrar tablas dinámicas', 'S', 0, 1, 1, 2, '', ''),
(662, 'Diseño de tablas dinámicas', 'S', 0, 1, 1, 3, '', ''),
(663, 'Formato de valores', 'S', 0, 1, 1, 4, '', ''),
(664, 'Campos calculados', 'S', 0, 1, 1, 5, '', ''),
(665, 'Origen de datos', 'S', 0, 1, 1, 6, '', ''),
(666, 'Gráficos dinámicos', 'S', 0, 1, 1, 7, '', ''),
(667, 'Crear Vínculos', 'S', 0, 1, 1, 8, '', ''),
(668, 'Dar Formato a los Documentos', 'S', 0, 1, 1, 9, '', ''),
(669, 'Guardar e Imprimir Documentos', 'S', 0, 1, 1, 10, '', ''),
(670, 'Insertar y Administrar Objetos de Contenido', 'S', 0, 1, 1, 11, '', ''),
(671, 'Insertar y Administrar las Referencias', 'S', 0, 1, 1, 12, '', ''),
(672, 'Personalizar la Funcionalidad del Programa', 'S', 0, 1, 1, 13, '', ''),
(673, 'Conceptos Básicos', 'S', 0, 1, 1, 1, '', ''),
(674, 'Funciones Financieras', 'S', 0, 1, 1, 2, '', ''),
(675, 'Evaluación de Proyectos', 'S', 0, 1, 1, 3, '', ''),
(676, 'Análisis de Estados Financieros', 'S', 0, 1, 1, 4, '', ''),
(677, 'Escenarios de Negocios', 'S', 0, 1, 1, 5, '', ''),
(678, 'Valoración de Inversiones en situación de Riesgo', 'S', 0, 1, 1, 6, '', ''),
(679, 'Operaciones de Préstamo', 'S', 0, 1, 1, 7, '', ''),
(680, 'Crear hojas de cálculo y libros de trabajo', 'S', 0, 1, 1, 1, '', ''),
(681, 'Navegar en Hojas de Cálculo y Libros de Trabajo', 'S', 0, 1, 1, 2, '', ''),
(682, 'Dar formato a hojas de cálculo y libros de trabajo', 'S', 0, 1, 1, 3, '', ''),
(683, 'Personalizar opciones y vistas', 'S', 0, 1, 1, 4, '', ''),
(684, 'Configurar Hojas de Cálculo y Libros de Trabajo', 'S', 0, 1, 1, 5, '', ''),
(685, 'Insertar Datos en Celdas y Rangos', 'S', 0, 1, 1, 1, '', ''),
(686, 'Dar formato a celdas y rangos', 'S', 0, 1, 1, 2, '', ''),
(687, 'Resumir y  organizar datos', 'S', 0, 1, 1, 3, '', ''),
(688, 'Crear y Administrar Tablas', 'S', 0, 1, 1, 4, '', ''),
(689, 'Administrar estilos y opciones de tabla', 'S', 0, 1, 1, 5, '', ''),
(690, 'Crear y Administrar Tablas II', 'S', 0, 1, 1, 6, '', ''),
(691, 'Resumir datos mediante el uso de funciones', 'S', 0, 1, 1, 1, '', ''),
(692, 'Realizar operaciones condicionales mediante el uso de funciones', 'S', 0, 1, 1, 2, '', ''),
(693, 'Dar formato y modificar texto mediante el uso de Funciones', 'S', 0, 1, 1, 3, '', ''),
(694, 'Crear Gráficos', 'S', 0, 1, 1, 4, '', ''),
(695, 'Dar Formato a los Gráficos', 'S', 0, 1, 1, 5, '', ''),
(696, 'Insertar y dar formato a objetos', 'S', 0, 1, 1, 6, '', ''),
(697, 'Crear un documento', 'S', 0, 1, 1, 1, '', ''),
(698, 'Navegar a través de un documento', 'S', 0, 1, 1, 2, '', ''),
(699, 'Dar formato a un documento', 'S', 0, 1, 1, 3, '', ''),
(700, 'Personalizar opciones y vistas para documentos', 'S', 0, 1, 1, 4, '', ''),
(701, 'Imprimir y guardar documentos', 'S', 0, 1, 1, 5, '', '');

--
-- Índices para tablas volcadas
--

--
-- Indices de la tabla `acad_curso`
--
ALTER TABLE `acad_curso`
  ADD PRIMARY KEY (`idcurso`);

--
-- Indices de la tabla `acad_cursodetalle`
--
ALTER TABLE `acad_cursodetalle`
  ADD PRIMARY KEY (`idcursodetalle`);

--
-- Indices de la tabla `niveles`
--
ALTER TABLE `niveles`
  ADD PRIMARY KEY (`idnivel`);

/*!40101 SET CHARACTER_SET_CLIENT=@OLD_CHARACTER_SET_CLIENT */;
/*!40101 SET CHARACTER_SET_RESULTS=@OLD_CHARACTER_SET_RESULTS */;
/*!40101 SET COLLATION_CONNECTION=@OLD_COLLATION_CONNECTION */;
